Credit_Score,Income,Loan_Amount,Loan_Term,Debt_Income,Open_Accounts,Hist_Length,Delinquencies,Total_Loan_Balance,Credit_Inquiries,Employer_Tenure,LTV_Ratio,Loan_Purpose,Employment_Type,Loan_Status
402,15913,373252,84,20,11,4,3,1037,11,15,56,Medical,Government,1
735,11105,356853,84,33,2,38,5,699392,0,14,50,Auto,Government,2
570,10228,322013,84,30,4,25,8,472449,2,22,59,Home Improvement,Government,0
406,11903,394032,180,11,7,5,0,304564,12,11,49,Auto,Government,1
371,5020,68095,96,49,8,30,0,508450,7,28,68,Small Business,Unemployed,2
320,10987,122886,60,28,3,12,4,622531,8,14,87,Medical,Private Sector,1
421,14880,338054,60,48,14,4,9,654668,6,28,73,Medical,Unemployed,1
766,7233,484926,48,37,13,24,4,259430,6,20,56,Auto,Unemployed,1
514,11516,290711,84,26,9,29,4,559888,11,14,93,Medical,Self-Employed,2
630,16559,40292,180,15,2,9,9,704645,14,13,91,Small Business,Unemployed,2
758,18701,79813,48,28,8,4,5,718368,10,15,81,Education,Unemployed,0
387,4396,102136,24,47,8,24,7,876952,7,14,52,Debt Consolidation,Self-Employed,2
672,3591,56631,48,37,13,14,2,792599,5,3,83,Debt Consolidation,Government,0
399,13303,14885,96,11,14,5,8,258351,10,26,86,Debt Consolidation,Government,0
430,8183,457875,120,47,4,18,0,525720,2,22,78,Education,Unemployed,2
608,3312,190378,36,46,1,19,3,786838,14,28,66,Medical,Self-Employed,0
643,9314,333458,84,13,13,12,8,594975,0,8,93,Auto,Government,2
791,4139,332231,360,31,1,18,7,769576,6,6,92,Home Improvement,Self-Employed,0
713,16688,427381,120,35,2,17,9,859379,0,3,65,Medical,Private Sector,0
685,8924,457145,240,45,14,30,8,883756,0,4,67,Education,Private Sector,0
491,2362,465244,48,22,12,24,0,838335,8,4,52,Small Business,Private Sector,0
576,15481,363142,180,41,14,11,8,486375,12,10,51,Education,Private Sector,1
460,5738,54812,36,26,9,35,2,186221,9,27,83,Debt Consolidation,Unemployed,0
759,4469,186572,60,45,13,23,9,744000,6,15,67,Medical,Private Sector,0
613,18106,477367,12,28,2,17,8,188840,12,29,41,Debt Consolidation,Private Sector,0
321,18940,325787,36,44,2,1,0,454400,10,3,76,Home Improvement,Self-Employed,0
552,11017,49900,96,49,6,15,0,853224,12,1,96,Small Business,Government,1
774,4808,441162,240,37,7,32,8,296583,3,2,96,Debt Consolidation,Self-Employed,0
358,18370,406067,96,10,13,9,5,165329,5,20,73,Home Improvement,Unemployed,1
810,16870,283432,48,27,7,15,3,176746,0,5,62,Education,Private Sector,2
775,14713,77692,24,49,13,28,6,314392,6,17,97,Debt Consolidation,Government,1
489,9561,465796,96,42,9,24,4,477818,11,4,91,Debt Consolidation,Government,2
543,4719,405584,96,21,6,35,9,701731,14,8,84,Auto,Private Sector,0
804,13700,352580,180,17,14,22,6,754642,5,19,68,Small Business,Private Sector,0
430,5741,232208,48,33,8,27,7,462212,3,27,74,Small Business,Unemployed,2
784,11766,51403,36,25,11,19,7,693657,6,25,50,Education,Unemployed,1
320,5998,96170,24,13,6,12,0,972777,2,17,87,Auto,Private Sector,1
466,18077,276312,120,47,2,20,7,455472,0,18,72,Home Improvement,Private Sector,1
573,2294,484713,12,36,1,1,5,560031,3,2,90,Home Improvement,Private Sector,0
687,12177,317023,84,18,5,21,3,200824,2,8,50,Education,Private Sector,0
615,11882,64871,60,25,14,1,7,605091,0,35,48,Small Business,Government,1
313,3136,487604,96,21,9,10,2,862549,1,30,53,Home Improvement,Unemployed,1
541,4064,496862,48,40,8,32,3,202123,10,16,48,Education,Private Sector,0
645,9009,37174,84,33,14,39,5,23076,4,22,78,Home Improvement,Private Sector,2
639,14987,235823,60,23,13,22,6,242424,14,33,87,Medical,Government,0
391,6543,228563,60,34,4,18,3,207384,7,4,42,Debt Consolidation,Self-Employed,0
666,3007,142653,120,43,5,32,3,251699,0,14,68,Small Business,Private Sector,2
754,7445,115155,120,12,13,27,6,874915,3,2,58,Medical,Government,1
727,12706,338997,120,33,5,28,5,659323,13,18,75,Education,Government,1
808,16749,331190,360,18,6,18,7,382361,3,27,71,Education,Self-Employed,0
334,13718,316822,72,35,3,39,0,990826,4,2,46,Medical,Unemployed,0
505,11439,293793,72,29,5,29,9,145938,6,37,94,Debt Consolidation,Unemployed,1
380,15281,132795,60,49,2,18,6,891936,12,3,67,Debt Consolidation,Unemployed,0
687,3435,93668,120,19,10,8,6,164377,11,23,83,Auto,Private Sector,2
301,2571,218397,180,28,1,31,6,980907,7,30,57,Home Improvement,Unemployed,2
689,4382,150639,96,12,11,34,6,214968,14,10,99,Auto,Private Sector,2
405,7084,478620,84,33,1,7,9,893081,5,36,44,Debt Consolidation,Private Sector,0
776,18661,357050,84,14,10,36,9,389388,0,0,62,Medical,Government,1
701,15507,244141,72,12,7,18,7,295957,6,8,94,Home Improvement,Unemployed,0
461,9059,101019,60,36,2,38,8,854161,2,16,61,Medical,Unemployed,0
501,14771,460160,48,25,4,9,8,979190,14,0,65,Auto,Unemployed,0
569,19649,345146,36,24,5,9,1,791944,12,2,81,Education,Private Sector,0
570,9491,33803,36,44,7,8,6,251703,12,25,51,Medical,Private Sector,2
755,16527,154302,72,21,2,35,6,416882,12,30,79,Auto,Unemployed,0
761,19424,153934,48,35,14,18,3,148702,5,25,58,Auto,Private Sector,0
551,16859,441571,360,43,6,5,8,118907,14,22,86,Auto,Private Sector,2
595,10073,429475,360,32,1,14,7,206591,7,29,40,Education,Self-Employed,0
637,11077,235147,72,40,7,28,0,394852,6,9,42,Education,Self-Employed,1
352,13383,485661,36,29,9,30,1,922279,9,7,66,Education,Unemployed,0
516,18378,35795,48,21,5,4,1,986461,5,24,57,Home Improvement,Unemployed,0
487,4353,275914,120,32,5,39,7,589879,8,21,89,Education,Self-Employed,2
679,6799,16093,60,13,4,20,0,524869,8,14,69,Education,Private Sector,0
792,19070,444787,84,32,3,25,3,210633,0,9,41,Education,Private Sector,1
340,13939,398409,180,10,9,28,9,469032,0,19,44,Medical,Government,0
456,4428,367455,24,34,5,12,4,758847,0,22,68,Education,Unemployed,0
314,13296,284713,60,11,8,2,8,798783,7,0,72,Home Improvement,Unemployed,0
364,9813,278334,120,39,9,14,6,902832,11,1,81,Auto,Unemployed,0
820,16414,329968,240,12,5,22,7,645821,12,18,59,Medical,Government,0
643,13801,178824,36,30,10,31,8,628915,13,13,69,Debt Consolidation,Government,1
428,13745,168399,120,34,9,23,6,449400,11,7,81,Education,Private Sector,0
771,15025,309214,240,29,2,20,4,129381,13,37,44,Auto,Self-Employed,0
362,5356,484141,72,31,9,38,4,767552,9,11,89,Auto,Self-Employed,0
438,16288,45197,48,30,11,4,9,358851,6,25,60,Medical,Self-Employed,2
798,8540,7261,84,42,4,15,5,987684,2,26,97,Debt Consolidation,Private Sector,2
691,18422,492121,96,47,6,24,4,344822,12,28,54,Small Business,Self-Employed,1
718,5342,162584,72,24,6,25,8,598597,1,14,59,Home Improvement,Government,2
588,11078,404932,60,24,6,1,2,750362,3,0,47,Small Business,Government,0
678,4844,353939,72,34,2,7,2,798210,2,27,88,Auto,Unemployed,0
789,12396,296077,60,30,7,31,6,668861,6,2,70,Small Business,Self-Employed,1
530,19482,140450,96,33,13,12,6,900145,9,17,51,Auto,Government,1
340,15998,45583,12,14,6,5,5,920612,14,33,60,Small Business,Unemployed,0
327,15261,379226,240,15,11,38,2,489121,14,31,69,Auto,Self-Employed,0
434,5093,352515,84,32,14,12,6,37382,7,28,66,Auto,Self-Employed,2
500,13722,165105,180,13,1,39,4,747714,5,24,83,Medical,Government,2
332,13645,422216,180,36,2,18,6,863219,2,25,65,Debt Consolidation,Unemployed,0
347,17083,116032,240,27,7,2,1,24341,5,38,72,Auto,Unemployed,1
802,2988,211940,24,30,1,10,5,995718,14,7,65,Home Improvement,Government,0
706,8446,309748,120,37,1,15,7,670727,1,18,65,Home Improvement,Government,0
398,18335,466552,12,44,1,30,0,907399,14,21,75,Education,Government,0
846,18133,362218,240,31,8,17,3,227280,11,28,79,Auto,Self-Employed,0
761,3682,231727,180,49,4,4,0,656354,6,32,40,Auto,Government,0
304,7626,78869,72,32,4,7,0,201940,13,37,98,Auto,Government,2
517,9424,272554,120,12,13,31,9,406218,10,34,54,Small Business,Private Sector,0
802,14857,350519,12,49,2,39,7,784540,9,2,89,Auto,Government,1
697,14155,192116,48,19,11,34,6,611108,13,18,40,Auto,Government,0
692,19317,199387,48,34,11,6,9,60949,6,9,50,Home Improvement,Self-Employed,0
506,13425,363199,120,17,11,38,0,409916,3,26,94,Debt Consolidation,Unemployed,2
314,3980,207416,240,20,1,34,1,735665,12,14,41,Debt Consolidation,Self-Employed,1
760,17522,405012,60,14,12,15,3,587831,7,10,40,Education,Private Sector,2
540,10984,91716,60,46,10,14,0,947822,3,25,70,Home Improvement,Government,2
395,19175,59245,72,47,9,6,2,484075,6,23,83,Auto,Government,0
784,17883,48056,12,38,7,37,7,815042,3,12,55,Debt Consolidation,Government,0
706,7390,415925,12,14,4,32,7,991003,12,31,93,Medical,Government,2
530,3607,255736,120,18,12,3,7,787166,11,36,61,Medical,Government,2
470,8573,325701,36,11,6,3,5,513472,4,3,81,Medical,Government,1
840,19368,284687,48,10,14,22,5,729734,6,12,57,Auto,Private Sector,1
335,7776,435634,12,49,2,22,4,328370,12,8,86,Auto,Government,1
824,5676,230683,120,39,7,10,8,832599,13,33,56,Education,Government,0
459,5380,363182,96,20,2,3,3,209851,13,36,69,Education,Government,1
542,10711,414940,24,37,10,12,9,160011,12,6,49,Education,Private Sector,2
385,10782,270972,96,21,8,29,6,455581,9,0,74,Small Business,Government,1
327,19434,121656,84,48,8,17,0,68381,2,11,97,Medical,Private Sector,0
639,15997,22087,240,35,1,7,8,834142,9,20,60,Auto,Self-Employed,0
630,8342,410821,72,22,13,13,6,279910,4,10,55,Medical,Government,0
805,19343,298481,12,17,8,2,9,103416,10,13,45,Education,Unemployed,0
647,8059,141554,84,37,2,4,8,538068,13,33,42,Auto,Private Sector,2
772,10884,332477,180,39,6,10,6,49458,2,33,80,Home Improvement,Self-Employed,0
530,7655,490757,84,18,13,39,1,843653,4,24,82,Debt Consolidation,Private Sector,0
489,14091,486512,120,48,1,24,5,512714,13,3,60,Debt Consolidation,Private Sector,0
524,17251,187024,12,40,5,17,9,502608,2,25,52,Education,Self-Employed,1
684,2526,141535,24,30,11,6,3,788941,10,15,57,Medical,Government,1
676,5224,248236,240,43,7,19,2,352637,9,9,97,Home Improvement,Government,0
582,17069,75448,120,40,13,5,1,428562,10,1,93,Auto,Private Sector,0
558,13536,9648,120,34,10,32,5,904282,6,34,99,Medical,Self-Employed,0
658,15547,397720,72,21,1,10,7,178946,12,18,63,Education,Government,1
755,3763,300767,72,10,2,9,5,944652,0,5,66,Medical,Private Sector,0
710,10712,457372,48,31,7,27,8,32533,8,18,93,Education,Unemployed,2
617,7797,40634,48,49,6,13,4,895576,8,7,43,Small Business,Self-Employed,0
524,11208,442818,60,46,3,19,1,385546,4,13,61,Debt Consolidation,Unemployed,0
533,7109,381742,36,10,14,21,7,865899,8,9,63,Debt Consolidation,Unemployed,1
673,18500,316478,12,10,10,24,8,264503,9,2,79,Medical,Private Sector,0
771,4433,335792,12,30,2,38,9,120119,12,37,84,Home Improvement,Self-Employed,1
532,18967,27054,360,24,10,4,3,222140,14,28,49,Auto,Government,0
412,6167,75028,84,26,4,24,5,978817,5,14,41,Education,Government,1
796,19773,27207,12,31,3,35,9,283488,14,22,79,Auto,Private Sector,1
741,10357,478866,12,47,7,3,7,905931,4,22,45,Debt Consolidation,Government,2
567,8154,235893,36,44,8,4,8,332922,12,17,87,Home Improvement,Government,0
809,10920,86554,180,25,2,37,4,283745,2,18,57,Home Improvement,Unemployed,0
685,19162,157458,48,17,10,35,5,246840,10,27,56,Auto,Unemployed,0
686,2213,88276,48,26,7,31,3,937620,10,25,77,Debt Consolidation,Self-Employed,2
412,5762,457734,24,26,8,25,4,713345,7,9,84,Auto,Unemployed,2
380,15399,319925,12,35,6,13,6,364157,3,3,62,Medical,Government,0
412,11768,188852,36,22,6,4,8,773470,9,1,85,Home Improvement,Self-Employed,0
301,12640,197512,240,26,10,14,9,512545,12,2,69,Home Improvement,Self-Employed,0
519,8731,442415,48,47,1,13,5,293926,14,6,97,Medical,Private Sector,0
524,7791,328179,36,26,4,27,5,636383,12,15,60,Debt Consolidation,Unemployed,0
684,17822,13210,96,23,14,6,7,444035,2,30,49,Home Improvement,Self-Employed,0
702,10783,49363,180,15,1,17,3,987539,12,9,95,Small Business,Government,1
429,15621,247247,12,44,4,36,2,360267,5,18,82,Small Business,Self-Employed,2
352,18019,83279,24,23,2,35,6,831890,7,27,52,Small Business,Self-Employed,2
715,4720,196420,84,17,11,17,4,911657,12,16,51,Education,Private Sector,0
546,10905,191356,48,24,13,2,1,664440,14,27,48,Education,Government,1
738,11127,208196,96,36,5,13,1,690317,8,18,43,Debt Consolidation,Government,2
502,18385,204919,240,22,10,2,5,408124,13,36,78,Medical,Unemployed,0
483,8368,420648,36,40,14,28,7,359332,5,22,63,Auto,Government,1
422,16056,262324,72,44,9,26,0,752240,4,19,93,Debt Consolidation,Self-Employed,0
700,14236,200161,120,15,11,22,5,122292,11,12,73,Auto,Government,0
593,16451,453614,12,14,12,3,1,91570,10,12,78,Debt Consolidation,Government,0
579,19301,235363,12,31,10,35,1,485540,1,10,80,Education,Self-Employed,0
497,12433,139393,96,32,3,12,6,996791,1,14,44,Small Business,Private Sector,1
810,17525,348492,36,34,8,24,9,124791,8,16,54,Medical,Unemployed,0
443,2089,435599,60,43,3,5,0,965986,1,27,89,Education,Unemployed,0
500,12361,380960,12,35,6,20,5,493545,1,18,43,Medical,Private Sector,0
423,18369,214754,60,14,4,39,6,516689,2,3,90,Auto,Self-Employed,2
486,5041,128053,240,35,8,39,7,912723,2,21,91,Debt Consolidation,Unemployed,0
625,2105,477406,72,29,11,13,6,885807,3,21,97,Home Improvement,Private Sector,1
763,11078,188965,96,15,6,12,5,563602,6,36,78,Home Improvement,Private Sector,1
648,8090,171892,36,15,8,13,8,757349,8,38,97,Medical,Private Sector,0
702,8082,333406,36,27,1,10,2,731281,1,33,47,Small Business,Unemployed,0
645,19018,139832,360,13,6,33,5,477984,3,32,88,Small Business,Unemployed,1
810,3925,158262,240,26,1,16,3,372024,8,39,84,Medical,Unemployed,0
446,8917,72411,240,23,1,35,1,363470,13,32,63,Education,Unemployed,0
447,2552,290521,180,23,8,3,0,147903,1,11,92,Home Improvement,Government,1
788,5911,444953,120,22,7,5,0,908458,9,1,67,Education,Private Sector,0
637,5389,467785,48,16,3,26,9,938629,10,27,94,Auto,Government,0
772,15629,43211,48,24,6,11,2,849883,12,9,82,Home Improvement,Private Sector,0
450,4430,218981,360,28,9,7,3,46708,0,21,66,Auto,Unemployed,0
714,2458,270888,84,44,7,10,1,805114,9,16,40,Debt Consolidation,Unemployed,1
597,15395,261638,24,26,12,34,0,365550,7,25,73,Education,Government,1
562,2207,292139,96,44,3,3,3,477040,8,2,56,Medical,Self-Employed,1
443,2899,153049,72,28,14,8,6,167866,6,6,76,Home Improvement,Unemployed,1
645,13653,234010,36,29,14,31,9,322516,7,7,77,Education,Self-Employed,0
301,18405,39542,120,45,13,11,5,564765,3,19,65,Medical,Private Sector,0
603,10601,15651,60,44,6,7,5,972367,3,11,96,Debt Consolidation,Government,0
553,2894,104239,96,41,11,2,8,484157,12,34,63,Home Improvement,Self-Employed,0
752,2514,346075,84,49,4,6,1,170809,1,16,78,Auto,Self-Employed,2
336,6109,231416,96,33,14,32,3,134692,7,27,99,Debt Consolidation,Unemployed,2
459,15258,369256,84,26,13,20,4,495166,14,9,60,Small Business,Self-Employed,0
308,17313,283859,36,16,3,34,0,759529,10,21,69,Medical,Self-Employed,0
532,17349,442625,24,10,9,16,7,778393,1,37,86,Home Improvement,Private Sector,0
398,9179,160378,84,44,10,25,7,167129,8,32,90,Home Improvement,Government,0
507,12326,155158,36,41,2,12,5,958642,13,21,87,Debt Consolidation,Unemployed,0
430,13787,412592,36,45,1,7,4,735750,3,36,96,Home Improvement,Unemployed,1
703,3560,328494,24,22,14,39,7,54024,0,12,52,Medical,Self-Employed,2
451,15612,338569,48,15,2,17,2,403893,12,26,76,Debt Consolidation,Private Sector,1
353,19650,434852,96,23,7,11,2,176183,3,14,42,Auto,Self-Employed,0
419,6780,353264,360,46,10,6,1,156146,2,21,71,Debt Consolidation,Self-Employed,0
719,13894,382033,12,24,1,23,4,543112,11,29,74,Debt Consolidation,Unemployed,1
721,4356,449865,12,13,6,27,2,919269,5,39,58,Auto,Self-Employed,2
403,6790,432826,360,49,14,6,2,963943,6,36,53,Small Business,Self-Employed,2
553,18690,146130,60,25,7,38,5,519534,7,33,87,Medical,Private Sector,2
526,12181,260948,240,37,9,2,7,884583,1,33,61,Small Business,Unemployed,1
411,9057,341781,60,25,14,22,1,49926,5,34,56,Small Business,Government,1
809,18082,476249,240,13,8,20,3,168932,14,18,98,Small Business,Private Sector,0
772,2661,337338,360,35,6,25,6,276119,5,7,43,Education,Private Sector,1
398,6644,344061,12,37,3,15,0,862309,9,38,84,Small Business,Private Sector,0
452,17711,69200,72,41,8,29,0,750037,11,32,79,Education,Unemployed,0
637,4920,110848,12,11,7,8,9,865302,4,27,58,Auto,Self-Employed,1
462,18002,111022,60,40,3,37,6,770741,9,36,76,Medical,Government,0
460,16025,182691,120,12,9,33,6,606659,9,24,41,Small Business,Unemployed,0
697,10946,415370,360,17,12,22,0,682908,6,35,54,Home Improvement,Self-Employed,0
576,14732,417755,60,33,2,5,0,364114,2,16,41,Auto,Private Sector,0
803,8236,261453,72,24,3,39,3,484791,3,23,50,Education,Unemployed,0
691,18309,327202,96,40,2,18,4,623354,9,20,84,Medical,Self-Employed,0
434,15518,67068,240,18,13,38,4,695096,12,1,62,Debt Consolidation,Government,0
494,2352,475529,12,48,1,37,3,62562,8,30,49,Medical,Government,0
700,9005,367076,24,11,4,30,7,303553,3,32,42,Medical,Self-Employed,2
332,16036,166445,120,17,5,31,6,797266,2,29,44,Small Business,Unemployed,0
759,18542,169226,36,16,13,10,8,627480,13,11,42,Small Business,Private Sector,0
769,2956,142103,72,48,6,15,6,526128,1,11,77,Education,Self-Employed,1
674,4071,229605,60,25,5,18,9,735769,4,23,52,Education,Private Sector,2
321,10595,208047,240,44,1,23,0,32568,3,23,81,Small Business,Government,1
337,17140,289929,24,39,3,33,6,798278,12,10,58,Small Business,Self-Employed,0
529,14803,477144,84,19,1,16,0,662259,12,12,79,Home Improvement,Government,1
664,5453,254768,48,47,11,38,6,611326,7,26,89,Home Improvement,Private Sector,1
737,8675,164741,12,27,5,35,9,198173,6,7,74,Auto,Private Sector,1
582,2955,99475,48,14,5,34,7,957277,5,9,63,Small Business,Self-Employed,1
326,8295,7282,72,38,12,28,8,130789,10,7,63,Debt Consolidation,Self-Employed,2
525,17921,170696,84,48,11,2,2,370604,11,19,56,Home Improvement,Self-Employed,2
576,17282,184510,84,43,13,30,3,502994,1,7,79,Education,Government,1
583,6703,225972,84,32,6,13,3,75723,2,8,49,Medical,Private Sector,0
780,8563,334678,36,14,8,16,8,991266,9,6,41,Auto,Private Sector,1
752,14003,167777,72,39,10,5,6,764043,8,13,83,Home Improvement,Government,2
815,12817,436460,96,15,12,28,2,367338,12,27,62,Medical,Self-Employed,0
846,13171,342108,48,13,1,39,9,898849,8,1,45,Medical,Unemployed,2
491,14582,173509,96,38,4,20,4,922815,14,7,41,Home Improvement,Self-Employed,0
348,14201,213944,24,32,10,24,6,766110,4,12,60,Debt Consolidation,Unemployed,0
811,19778,473094,180,15,11,27,7,582176,13,20,94,Debt Consolidation,Unemployed,2
316,14473,124006,120,41,1,30,0,829048,2,27,95,Auto,Government,0
471,11461,241440,120,27,9,27,1,708494,1,34,74,Debt Consolidation,Private Sector,0
519,17596,209054,96,24,11,26,6,485441,7,22,88,Auto,Private Sector,0
457,2529,317727,180,49,7,7,1,793515,14,14,68,Education,Private Sector,0
776,14765,305536,180,41,7,38,6,668958,5,1,46,Home Improvement,Private Sector,0
345,15910,12461,12,18,12,5,8,345620,9,11,68,Medical,Government,0
672,13561,105123,24,46,5,23,1,93416,10,35,92,Auto,Unemployed,0
817,11131,277660,72,19,7,28,6,790012,11,2,76,Debt Consolidation,Private Sector,2
398,2525,477501,180,29,12,34,3,648122,6,4,62,Auto,Unemployed,2
336,18385,153586,60,15,2,15,1,637436,0,2,72,Small Business,Government,0
579,2374,388395,360,12,14,32,6,713755,0,18,47,Auto,Self-Employed,1
648,14197,499178,120,20,13,26,4,829753,9,1,51,Debt Consolidation,Government,0
796,6648,434484,60,26,4,31,0,796818,1,36,85,Small Business,Private Sector,0
601,4365,488702,24,41,14,19,4,316315,9,16,87,Small Business,Self-Employed,0
480,19909,236496,180,13,14,9,2,151594,14,13,49,Debt Consolidation,Government,2
398,3646,172860,48,13,7,29,6,721892,2,27,54,Small Business,Government,2
415,2013,211821,120,26,3,39,5,485976,11,26,92,Home Improvement,Unemployed,0
490,6599,197121,12,28,2,4,7,933139,0,9,63,Medical,Government,0
552,4278,329637,240,14,10,3,4,919175,13,2,65,Home Improvement,Self-Employed,0
460,16296,41027,12,41,2,29,1,34545,4,35,86,Home Improvement,Government,1
555,5155,360691,360,31,13,11,8,186151,14,37,81,Debt Consolidation,Private Sector,1
622,10321,178921,84,15,1,33,7,814287,14,24,92,Debt Consolidation,Unemployed,0
427,5814,367271,240,44,5,38,5,36790,2,21,99,Medical,Self-Employed,1
317,15125,153930,36,31,12,11,9,576300,0,38,78,Auto,Self-Employed,0
622,5216,220234,180,10,6,27,6,118827,7,29,97,Home Improvement,Government,2
587,4113,84003,24,29,6,33,8,261123,11,20,42,Small Business,Private Sector,1
454,12238,188467,120,31,9,21,6,15260,10,29,41,Medical,Unemployed,0
789,15760,44758,36,20,4,39,2,197211,5,27,45,Home Improvement,Self-Employed,1
685,14588,321456,24,22,1,31,5,788506,8,30,60,Auto,Unemployed,2
403,5374,335814,360,12,6,38,6,436892,2,25,48,Small Business,Government,0
692,8430,87279,96,18,5,2,1,141547,8,21,49,Home Improvement,Private Sector,0
545,13970,20434,180,21,10,27,2,210486,8,20,75,Education,Government,2
475,2629,200119,72,32,6,36,3,147192,14,0,98,Medical,Unemployed,0
338,18653,445991,72,23,3,11,9,417363,11,36,42,Debt Consolidation,Government,0
776,12831,342913,180,42,2,18,5,265130,14,12,80,Home Improvement,Unemployed,0
837,7724,250754,240,27,6,1,0,765489,12,20,63,Small Business,Self-Employed,2
707,13083,333821,84,18,13,35,8,688790,11,8,61,Small Business,Self-Employed,1
824,15149,88555,84,32,1,35,4,763857,0,16,88,Medical,Government,2
805,11472,133379,240,19,7,31,6,56479,2,20,53,Medical,Self-Employed,1
335,8276,221992,72,28,7,28,8,477182,5,30,81,Small Business,Unemployed,0
319,17635,244511,48,14,10,39,8,393977,7,38,84,Small Business,Self-Employed,1
620,7895,181806,240,32,13,1,0,265320,3,21,83,Small Business,Private Sector,1
811,15994,368809,120,39,7,25,0,609546,4,11,66,Home Improvement,Private Sector,0
699,12552,486719,72,34,12,38,2,240423,8,5,72,Small Business,Government,0
770,18959,438819,48,37,11,20,5,378332,5,15,99,Debt Consolidation,Government,0
442,8099,474924,360,43,10,3,1,85153,11,25,61,Small Business,Government,1
391,11499,480142,36,34,1,2,9,718278,6,4,68,Debt Consolidation,Government,2
653,5178,73803,48,19,4,18,0,784930,6,8,58,Home Improvement,Unemployed,1
350,8116,437548,36,23,13,10,0,421331,3,39,58,Medical,Unemployed,2
489,17563,358847,24,39,7,5,4,759272,3,13,45,Debt Consolidation,Private Sector,0
424,5568,288456,60,34,11,9,3,78442,3,29,84,Home Improvement,Unemployed,2
449,11847,229448,24,23,9,2,0,827434,13,25,58,Small Business,Self-Employed,2
613,16135,482742,72,44,5,34,3,58124,14,28,52,Home Improvement,Private Sector,0
641,19774,180251,36,43,13,38,2,925114,10,18,98,Small Business,Government,2
604,3742,207514,72,19,2,31,1,312896,4,7,65,Home Improvement,Government,0
353,2619,250404,240,44,7,10,8,260488,4,22,61,Medical,Unemployed,2
743,19658,122961,180,20,10,12,0,79947,7,34,60,Debt Consolidation,Private Sector,2
563,19340,307523,120,20,1,36,6,906404,8,30,75,Medical,Unemployed,1
352,3939,22297,12,30,7,21,3,862148,1,34,95,Education,Unemployed,1
304,18001,269155,72,30,6,6,4,442209,10,31,41,Small Business,Unemployed,0
402,2968,125234,120,31,7,3,9,797505,6,4,86,Debt Consolidation,Private Sector,1
495,16846,49014,240,16,14,10,4,824683,0,15,83,Medical,Government,0
649,2281,248166,48,26,13,5,0,97496,0,16,69,Debt Consolidation,Self-Employed,1
346,17360,409954,240,11,10,26,5,727797,3,31,66,Education,Government,1
568,8262,361477,360,21,3,21,8,826329,9,37,46,Auto,Private Sector,2
669,3058,183570,24,27,3,26,1,969410,6,31,59,Small Business,Government,0
405,12724,263864,48,20,7,38,6,314760,1,19,89,Small Business,Government,2
419,7178,278264,12,25,13,26,5,263037,10,1,70,Home Improvement,Self-Employed,2
357,8980,406983,36,27,2,8,4,502935,1,19,62,Small Business,Government,1
645,11200,289996,180,44,1,5,3,791914,0,17,52,Small Business,Government,0
773,3229,346383,120,35,9,15,3,371134,9,0,56,Medical,Government,0
416,10467,399145,180,25,9,16,5,223036,1,28,43,Small Business,Unemployed,0
426,4289,213559,60,15,7,1,3,467152,12,28,96,Small Business,Private Sector,1
692,3239,96575,240,21,7,16,4,695934,14,18,53,Education,Private Sector,1
357,7370,100040,72,22,3,37,5,830716,6,39,59,Education,Self-Employed,2
812,18170,153510,36,13,10,3,4,336076,8,5,99,Debt Consolidation,Unemployed,0
395,2125,184587,60,48,2,31,6,270482,5,38,52,Debt Consolidation,Unemployed,0
417,14504,10744,240,11,11,13,8,174790,9,7,42,Small Business,Government,1
787,17398,219892,96,35,7,16,9,144572,1,23,65,Small Business,Private Sector,2
536,8638,440633,72,36,9,21,6,143617,11,19,65,Home Improvement,Self-Employed,2
571,8570,405285,48,36,1,2,6,586768,14,13,57,Debt Consolidation,Unemployed,2
488,5249,309503,24,24,13,27,3,661601,9,4,71,Medical,Government,0
746,11110,155871,120,17,14,38,0,221386,14,39,53,Small Business,Self-Employed,1
546,9595,365890,360,16,4,26,7,941325,9,33,86,Medical,Unemployed,2
375,15605,229834,12,49,6,38,3,5695,12,15,42,Small Business,Self-Employed,0
453,14115,125906,12,21,7,25,0,733426,8,6,40,Medical,Unemployed,0
734,8294,206260,48,22,10,11,4,539606,6,15,65,Auto,Self-Employed,0
385,7757,225931,84,26,7,8,7,838366,10,6,63,Medical,Unemployed,0
584,14595,258593,12,26,10,8,3,416547,0,26,88,Debt Consolidation,Unemployed,1
519,3969,243746,120,45,2,33,7,384426,11,13,74,Small Business,Self-Employed,0
368,12985,12597,48,30,14,7,7,709032,8,13,53,Debt Consolidation,Unemployed,0
346,19275,314237,36,17,4,38,2,92891,1,32,42,Medical,Unemployed,0
393,6470,435442,12,14,5,21,8,471076,3,32,52,Education,Unemployed,1
752,12225,208199,180,35,14,8,2,750045,8,19,86,Education,Self-Employed,0
503,11556,381794,48,25,12,21,0,69754,3,35,89,Education,Self-Employed,1
517,11206,489585,120,45,1,20,1,873109,2,6,53,Small Business,Unemployed,0
773,11991,213434,180,37,1,8,5,889752,0,31,60,Home Improvement,Unemployed,0
731,9519,162489,72,38,10,31,9,397053,6,2,65,Auto,Self-Employed,0
640,15669,416909,72,21,3,29,1,388405,14,38,42,Medical,Government,0
588,6612,477890,12,46,10,9,5,514904,5,28,90,Home Improvement,Unemployed,0
553,14373,388100,180,39,3,15,0,368482,9,23,79,Education,Government,0
656,19582,120598,24,32,12,30,0,565365,3,21,43,Medical,Self-Employed,2
322,17552,255100,240,25,8,26,4,343059,5,5,75,Home Improvement,Unemployed,1
821,16646,263589,72,23,9,10,9,660599,5,23,90,Debt Consolidation,Government,0
399,7238,189233,24,19,14,29,8,242504,12,39,82,Education,Self-Employed,0
479,17577,257388,36,16,11,16,7,292813,3,22,40,Home Improvement,Government,2
522,17504,138241,48,46,12,36,2,836056,13,37,79,Small Business,Private Sector,1
741,5719,220164,240,38,1,20,2,862579,12,9,86,Debt Consolidation,Self-Employed,0
624,2302,158124,60,12,14,37,0,660510,5,15,72,Education,Private Sector,1
815,14144,470065,120,24,11,22,2,667469,9,10,46,Auto,Self-Employed,1
315,19370,209923,360,45,2,7,0,756110,10,31,92,Education,Self-Employed,1
635,12055,13036,48,28,10,23,7,682376,7,5,91,Small Business,Unemployed,0
557,6440,36778,240,22,2,29,0,668296,12,23,91,Auto,Private Sector,0
796,5072,425950,120,30,4,16,4,143108,2,32,95,Auto,Private Sector,0
459,15598,159245,240,46,2,38,8,957740,3,11,50,Auto,Private Sector,2
774,16287,166475,180,36,7,28,6,146093,9,26,66,Medical,Self-Employed,1
679,15965,464537,36,38,13,38,3,514694,12,37,53,Medical,Private Sector,0
844,11519,207747,96,29,9,31,8,824375,11,17,61,Auto,Private Sector,2
726,15380,404560,360,34,7,14,8,114694,13,38,55,Debt Consolidation,Unemployed,2
567,13865,23800,12,15,12,33,1,235456,14,12,85,Auto,Government,2
716,10125,292516,240,45,6,9,9,213079,0,39,51,Home Improvement,Government,2
467,5291,328660,120,11,10,27,9,245269,3,29,88,Auto,Private Sector,2
342,6033,287682,120,31,1,24,5,444232,10,12,85,Medical,Private Sector,0
584,7105,331062,180,41,11,13,3,417460,9,33,49,Medical,Private Sector,2
696,19087,413189,24,25,10,26,7,457243,9,35,63,Home Improvement,Private Sector,2
311,10133,338299,48,27,9,29,6,770673,11,29,85,Home Improvement,Government,0
601,18958,236312,96,14,5,28,6,124351,13,24,57,Education,Unemployed,0
552,7704,64500,84,45,11,28,9,302129,8,1,61,Debt Consolidation,Self-Employed,2
798,9848,172647,12,39,5,8,8,920006,7,35,48,Debt Consolidation,Private Sector,0
334,14975,241527,60,28,6,23,4,841268,10,17,56,Debt Consolidation,Private Sector,2
389,8924,440477,84,32,9,29,5,887146,3,4,77,Small Business,Government,0
717,2488,115659,48,43,13,5,0,529058,11,18,79,Medical,Private Sector,0
414,9114,32716,12,22,8,7,5,830297,6,17,97,Debt Consolidation,Unemployed,0
495,17740,401452,120,38,8,36,1,54811,9,31,52,Education,Unemployed,0
800,5173,414064,60,45,14,27,5,267145,2,20,89,Education,Private Sector,1
792,3667,7352,240,31,8,2,8,586136,8,9,76,Debt Consolidation,Government,1
374,6114,138004,24,45,1,25,7,53635,9,36,45,Home Improvement,Private Sector,0
712,5553,343593,96,18,1,9,8,21946,3,21,60,Education,Private Sector,0
675,9761,13556,240,48,8,27,9,984638,1,12,90,Home Improvement,Government,0
719,3000,266973,24,28,5,1,7,621140,9,16,75,Medical,Unemployed,0
576,17638,353980,36,47,9,23,2,354247,4,8,46,Small Business,Self-Employed,1
693,19772,141570,180,15,2,10,7,486260,1,23,75,Education,Private Sector,0
756,7450,212190,12,24,9,25,5,831176,13,13,64,Home Improvement,Unemployed,0
491,5712,55098,240,29,12,3,5,118729,9,7,50,Debt Consolidation,Private Sector,0
398,3367,462602,24,18,14,6,5,695519,5,36,83,Medical,Self-Employed,0
847,10189,379313,84,41,8,6,2,286815,10,18,53,Auto,Government,0
395,11013,145641,180,13,9,2,9,672810,9,27,84,Auto,Unemployed,0
489,18838,252199,24,27,4,18,0,933412,0,29,68,Debt Consolidation,Self-Employed,2
336,5726,131060,72,14,1,23,3,451491,13,6,49,Medical,Private Sector,2
668,6806,192954,36,29,1,2,9,962862,5,25,89,Medical,Self-Employed,2
824,4190,206465,48,32,5,12,5,967551,3,39,87,Medical,Unemployed,0
578,11108,135544,240,20,2,22,9,429734,2,10,44,Medical,Government,0
516,14178,5340,96,46,14,37,1,320957,1,13,47,Auto,Private Sector,1
572,4875,180021,36,31,8,20,6,97748,6,20,85,Home Improvement,Government,1
361,7592,87302,180,13,10,39,6,764580,8,7,44,Medical,Government,2
641,19824,460659,72,38,11,24,3,401022,11,2,97,Home Improvement,Self-Employed,0
696,14592,227740,12,43,5,20,3,630021,2,27,99,Medical,Self-Employed,0
318,10927,472243,84,22,5,1,0,959395,5,28,63,Education,Unemployed,1
476,16437,5138,96,18,2,1,1,127865,8,22,79,Small Business,Unemployed,2
695,13530,398574,240,40,7,17,8,346695,1,17,96,Education,Government,2
744,9010,124619,96,16,13,1,9,916767,6,34,65,Small Business,Unemployed,1
532,13207,473466,36,13,8,30,7,302364,4,12,45,Education,Government,2
375,4989,352520,180,28,10,3,7,280302,4,11,55,Medical,Private Sector,1
564,14040,104931,12,39,13,11,8,868424,10,4,99,Home Improvement,Government,2
754,11218,428870,120,40,1,24,6,946092,6,38,75,Small Business,Unemployed,2
683,8471,161951,72,44,2,22,8,587864,8,10,51,Auto,Unemployed,2
805,4863,348676,240,30,10,26,9,875459,3,10,50,Debt Consolidation,Government,0
666,12693,322922,120,40,4,13,1,156260,8,30,42,Small Business,Self-Employed,0
443,3177,42772,84,28,5,1,5,224687,14,30,83,Small Business,Government,1
368,6760,63478,12,40,13,24,2,321974,13,12,76,Auto,Government,0
398,2011,462569,360,41,2,10,5,660379,12,13,45,Medical,Self-Employed,2
695,18353,31762,360,11,1,35,2,13419,10,24,58,Education,Private Sector,0
324,13556,149355,12,19,9,24,7,558985,9,32,57,Education,Self-Employed,0
768,13563,199994,72,11,14,28,3,348076,8,32,55,Home Improvement,Unemployed,1
783,16051,175492,60,11,1,36,9,382856,12,14,62,Medical,Self-Employed,0
450,13022,322712,120,33,13,16,5,498784,3,15,82,Auto,Unemployed,0
443,10234,352234,24,26,4,16,8,620716,2,37,76,Medical,Unemployed,0
338,18173,287363,96,41,2,17,1,664333,1,5,48,Medical,Government,1
408,15178,324313,240,25,11,15,1,764361,8,24,42,Education,Government,0
341,8570,498671,60,25,4,16,6,611937,11,14,47,Auto,Private Sector,2
485,2406,79965,24,48,8,15,1,385793,1,3,77,Debt Consolidation,Unemployed,0
697,11206,182912,180,40,8,34,1,274280,5,3,43,Small Business,Government,2
522,6431,180767,240,33,11,11,3,872171,4,29,51,Education,Unemployed,0
432,8542,241281,240,10,12,1,8,849934,13,33,83,Auto,Private Sector,0
462,10906,89754,360,20,9,15,7,163357,4,26,70,Home Improvement,Unemployed,0
514,6146,82988,72,30,13,26,1,810471,3,30,64,Small Business,Private Sector,0
534,14046,456558,180,13,11,4,7,854152,5,31,92,Small Business,Private Sector,1
308,14611,155023,96,16,12,5,3,124168,4,38,55,Education,Private Sector,0
373,15076,137379,48,35,5,35,1,613551,10,8,81,Home Improvement,Government,0
791,18524,85388,24,21,7,13,9,60155,3,7,93,Education,Self-Employed,1
552,6882,357912,360,40,3,10,6,17911,12,13,53,Medical,Self-Employed,0
529,16113,302572,240,26,10,11,5,526204,8,32,52,Auto,Government,0
818,15645,244779,60,42,4,18,9,846484,12,22,80,Home Improvement,Unemployed,1
473,8012,359165,360,20,10,34,4,463326,5,20,46,Small Business,Government,2
467,19347,385562,24,37,9,39,0,757983,10,11,51,Education,Unemployed,0
469,9151,211846,24,41,10,23,1,280934,9,1,76,Small Business,Private Sector,0
692,5610,175047,72,10,10,7,7,477377,9,12,89,Home Improvement,Government,2
493,11884,137212,240,37,14,39,0,399422,12,3,43,Small Business,Self-Employed,0
816,8894,423058,180,16,12,3,2,122937,9,19,41,Education,Unemployed,2
328,15467,293565,120,11,1,12,1,86053,12,13,74,Education,Government,0
464,18489,268852,48,33,2,7,4,313094,2,29,97,Debt Consolidation,Government,2
721,11873,401846,72,13,5,26,3,379355,9,28,83,Small Business,Unemployed,0
638,14289,417811,84,28,3,33,6,843793,5,7,42,Debt Consolidation,Private Sector,2
795,14208,81021,240,35,2,37,4,848883,13,11,43,Debt Consolidation,Private Sector,0
664,12828,164380,72,20,1,15,7,300840,0,37,77,Small Business,Private Sector,1
641,4137,49789,96,49,10,2,3,475857,4,25,51,Home Improvement,Private Sector,0
799,3286,453906,48,20,3,7,5,986730,9,1,58,Medical,Unemployed,0
810,17710,31086,360,12,1,32,3,627683,5,39,49,Education,Self-Employed,1
626,13371,284003,12,21,12,4,1,911553,14,13,40,Auto,Government,1
516,17945,12684,84,12,1,20,0,834160,10,5,56,Debt Consolidation,Government,2
600,9052,96088,36,36,12,36,0,318545,7,39,55,Home Improvement,Private Sector,0
431,5654,399423,72,11,1,32,7,198298,10,30,48,Small Business,Unemployed,2
369,17600,51099,24,25,8,28,3,550391,14,16,96,Home Improvement,Self-Employed,0
551,10636,465712,120,11,3,13,4,428479,14,24,92,Home Improvement,Self-Employed,2
714,8441,71093,12,39,11,1,7,783065,8,31,48,Small Business,Government,2
744,11667,165761,72,29,1,35,6,470837,10,11,98,Auto,Private Sector,0
481,14149,315795,72,47,7,30,7,313188,2,12,94,Small Business,Government,2
466,3798,18893,60,37,10,36,7,583018,1,18,48,Auto,Government,2
390,11600,496024,60,34,3,25,5,26825,12,24,51,Small Business,Self-Employed,0
830,7495,71418,12,41,8,16,9,732616,3,30,94,Debt Consolidation,Unemployed,1
338,11900,130074,180,19,4,19,1,498393,7,36,80,Auto,Self-Employed,0
425,15673,370209,360,49,4,1,5,38271,10,24,54,Debt Consolidation,Government,2
750,13130,135351,60,42,5,5,0,78256,7,15,41,Auto,Private Sector,0
472,17222,196083,24,22,6,22,0,440948,2,37,50,Auto,Private Sector,0
519,3300,43635,84,46,7,24,2,67433,3,22,50,Small Business,Unemployed,0
357,11435,454331,36,25,14,37,2,738990,2,13,47,Auto,Unemployed,1
775,6616,100071,48,31,14,36,4,102999,9,5,94,Debt Consolidation,Unemployed,2
755,18393,476621,36,29,4,36,0,757350,1,24,71,Small Business,Government,2
660,12617,470918,36,36,8,4,9,548860,3,22,45,Education,Government,0
300,7752,345662,48,25,13,36,5,563834,5,11,92,Debt Consolidation,Unemployed,0
686,11852,373377,60,43,6,18,6,933654,10,12,59,Education,Private Sector,1
647,8295,370795,12,41,14,16,9,841597,13,35,78,Home Improvement,Private Sector,1
489,19456,77805,48,35,1,18,2,851122,10,38,74,Small Business,Private Sector,0
804,5225,457170,360,34,1,22,3,447880,4,33,47,Home Improvement,Government,0
490,3316,426280,360,11,9,2,9,476551,2,5,89,Small Business,Self-Employed,1
807,14337,389957,240,21,10,21,9,731559,1,37,88,Small Business,Private Sector,0
668,8807,346207,96,49,6,36,9,522727,8,39,82,Debt Consolidation,Private Sector,1
708,5683,269598,180,18,10,39,9,37948,14,7,73,Education,Private Sector,1
416,9227,288022,84,21,8,39,9,955534,0,7,96,Small Business,Unemployed,2
433,5273,187170,120,35,13,29,2,814439,8,39,92,Education,Government,1
357,2145,198226,60,18,7,26,0,626107,0,32,98,Small Business,Unemployed,0
472,7010,149063,180,19,12,21,7,354351,14,33,95,Education,Unemployed,2
448,18035,73344,48,41,6,17,9,485137,13,14,58,Home Improvement,Self-Employed,1
379,5040,372090,96,43,4,16,9,864204,6,35,46,Debt Consolidation,Unemployed,0
512,11654,41593,120,29,7,31,1,547312,5,34,70,Small Business,Self-Employed,1
502,18866,41304,84,48,9,9,0,768768,6,21,57,Medical,Unemployed,0
528,19633,428602,84,11,14,31,7,957888,14,22,79,Education,Private Sector,2
526,19014,191292,60,10,11,14,6,608200,2,39,53,Education,Government,0
831,16996,118613,48,45,10,37,6,780521,13,21,78,Medical,Unemployed,1
740,18336,205410,180,33,10,2,3,234746,2,4,99,Debt Consolidation,Self-Employed,0
701,10853,492505,12,36,14,14,8,412373,12,30,92,Education,Government,0
346,13695,419299,180,11,7,33,5,786427,10,12,99,Debt Consolidation,Self-Employed,2
532,4852,23354,180,40,1,35,1,872913,0,27,98,Education,Private Sector,2
604,18014,289334,84,23,10,39,0,496336,3,19,75,Auto,Unemployed,0
825,2987,11142,12,11,9,20,0,351697,11,32,56,Education,Government,0
442,9622,426614,12,38,13,2,8,658116,1,15,76,Auto,Private Sector,0
714,11160,188043,60,24,4,19,3,232749,9,28,83,Small Business,Unemployed,1
812,19484,309006,120,21,3,37,4,986616,7,22,48,Debt Consolidation,Unemployed,1
672,8652,496884,72,46,4,18,2,627776,2,23,97,Education,Self-Employed,1
558,9421,189482,36,37,4,16,3,622029,6,33,59,Home Improvement,Self-Employed,1
770,2769,155575,36,29,13,4,7,714411,6,6,84,Home Improvement,Private Sector,2
311,19727,130438,84,48,10,12,3,232773,11,37,96,Medical,Self-Employed,0
629,16114,53456,72,33,11,29,8,983099,8,36,67,Home Improvement,Private Sector,0
657,6358,105167,120,30,2,7,8,341354,5,3,89,Auto,Private Sector,1
707,13543,349179,72,19,14,14,5,175166,0,33,59,Home Improvement,Private Sector,2
672,7699,275160,60,23,12,12,1,503066,7,21,80,Home Improvement,Self-Employed,1
307,19625,269528,180,46,14,35,9,744249,0,4,75,Home Improvement,Government,1
421,3125,198392,84,27,1,5,6,398751,2,22,92,Education,Private Sector,1
647,12793,413288,12,33,12,17,8,450251,10,14,66,Medical,Government,2
389,8764,107239,360,23,10,32,5,517031,4,30,47,Debt Consolidation,Unemployed,0
615,14323,116431,84,43,12,10,2,48367,7,8,71,Medical,Self-Employed,0
477,15031,347162,36,21,1,17,6,763832,8,24,40,Auto,Self-Employed,2
839,16052,45510,120,31,13,5,4,935622,14,24,56,Education,Government,2
340,14640,185005,72,15,14,9,0,454028,6,20,96,Small Business,Unemployed,0
801,9843,288970,120,45,8,33,2,585172,8,8,48,Education,Unemployed,0
444,16210,335170,60,45,14,36,4,460384,10,37,59,Home Improvement,Private Sector,0
500,18456,126668,84,31,2,36,6,669640,2,21,84,Home Improvement,Self-Employed,0
760,12106,247700,48,23,12,18,2,408962,12,22,71,Auto,Unemployed,2
846,7189,423734,84,25,10,9,5,365716,4,3,41,Small Business,Unemployed,0
552,4472,29045,12,45,5,29,4,578539,9,28,71,Education,Private Sector,2
689,19091,186948,84,34,12,14,0,85821,7,14,84,Small Business,Private Sector,0
555,8704,490662,96,41,4,25,9,608871,11,0,48,Debt Consolidation,Government,1
749,5713,95102,60,42,8,15,5,245697,0,29,69,Medical,Self-Employed,0
309,7051,319063,24,45,2,6,7,11207,7,28,59,Education,Unemployed,1
541,12756,104441,60,29,10,29,0,727487,6,19,77,Small Business,Government,1
550,4475,163175,72,27,9,15,1,28757,0,32,99,Debt Consolidation,Self-Employed,1
304,5610,254877,360,47,7,29,3,934730,12,35,40,Debt Consolidation,Government,0
418,6255,434404,24,12,13,4,1,455623,12,21,99,Medical,Self-Employed,0
673,16484,141917,72,32,7,18,8,945710,9,12,96,Debt Consolidation,Self-Employed,0
364,3735,222770,72,41,1,39,9,676616,11,6,44,Auto,Unemployed,0
445,10258,434890,12,25,14,16,7,821254,9,7,74,Debt Consolidation,Self-Employed,1
523,9979,123325,12,14,12,11,7,263070,14,27,75,Small Business,Private Sector,1
538,4428,24337,240,13,2,14,3,42340,11,8,40,Auto,Unemployed,1
476,14345,158385,180,30,4,3,4,243955,5,24,53,Debt Consolidation,Private Sector,1
581,9426,425159,36,49,4,38,3,970738,0,15,48,Home Improvement,Government,0
362,10533,345093,180,23,11,18,8,830783,1,9,69,Debt Consolidation,Government,0
516,7249,267420,180,48,14,20,1,893743,4,10,63,Auto,Self-Employed,0
760,11686,318295,360,40,3,25,7,967175,1,30,43,Debt Consolidation,Self-Employed,2
404,16109,415827,36,23,7,38,1,600608,13,11,89,Debt Consolidation,Private Sector,1
398,2661,148016,48,15,12,13,0,365709,9,30,53,Debt Consolidation,Private Sector,0
810,14075,320031,24,21,8,4,9,429373,0,13,64,Auto,Private Sector,0
684,16788,86442,120,25,2,14,2,283081,5,31,43,Debt Consolidation,Government,2
704,12060,54847,180,26,4,33,8,972794,7,16,64,Medical,Private Sector,1
817,17836,63653,360,32,14,28,2,965211,7,34,49,Small Business,Unemployed,1
775,12526,222144,240,23,3,37,8,274363,12,0,74,Medical,Unemployed,0
736,5374,258661,84,16,2,8,6,10399,12,28,94,Auto,Government,0
322,2207,323766,84,41,12,34,9,652021,7,3,46,Home Improvement,Private Sector,2
757,4665,294954,72,24,13,5,0,755208,10,22,81,Medical,Private Sector,1
382,2632,82842,36,26,14,5,9,946161,5,27,52,Small Business,Self-Employed,0
444,5083,389369,72,43,6,31,4,807479,10,15,43,Education,Unemployed,2
384,15711,277647,360,14,13,9,8,232615,2,11,89,Small Business,Government,1
377,12123,89761,96,36,4,32,2,994599,0,20,82,Medical,Private Sector,0
756,9123,435192,96,32,6,33,8,610981,1,16,96,Education,Self-Employed,0
300,12754,393583,240,49,2,3,4,626219,4,39,75,Auto,Government,0
350,3679,278734,120,23,12,30,8,990658,12,12,95,Small Business,Government,0
745,17901,146958,12,24,4,12,9,701251,9,31,53,Home Improvement,Unemployed,1
748,2236,411082,12,42,11,29,5,138852,4,36,57,Education,Private Sector,0
787,9446,333768,36,40,6,3,8,290194,9,14,47,Education,Government,2
333,6443,467115,36,44,14,26,6,598839,13,11,71,Small Business,Self-Employed,2
647,17463,168864,180,26,5,30,6,331810,0,14,66,Medical,Self-Employed,0
394,10555,407980,96,37,3,9,7,749979,0,33,81,Education,Government,0
371,18669,261910,180,28,8,26,6,607304,14,5,76,Auto,Self-Employed,2
453,2148,125356,12,32,7,2,8,638423,8,16,62,Small Business,Government,1
549,15395,222228,24,41,3,3,8,54010,1,19,46,Auto,Self-Employed,1
737,6895,47727,24,49,6,4,5,233084,6,8,51,Small Business,Government,0
417,19396,345615,36,22,4,25,6,563453,9,4,64,Auto,Government,0
605,13023,13068,72,29,11,13,1,274672,3,22,42,Medical,Government,1
567,12699,121923,12,44,5,39,8,908272,6,32,65,Small Business,Self-Employed,2
353,11715,405511,24,14,11,35,0,181680,7,37,43,Home Improvement,Government,0
535,18163,439376,12,18,5,23,0,400130,4,13,81,Medical,Unemployed,2
688,7782,16390,60,38,7,9,2,562424,12,16,75,Auto,Government,0
700,18724,111752,84,15,11,2,5,929683,11,18,54,Small Business,Private Sector,2
602,4817,418347,96,34,5,31,4,349152,11,32,71,Medical,Private Sector,1
506,17096,361898,180,40,11,2,1,537364,0,0,68,Auto,Unemployed,0
528,7299,343113,12,31,3,32,8,911343,3,12,49,Debt Consolidation,Government,1
374,11917,151110,84,11,10,18,9,681143,9,26,60,Debt Consolidation,Private Sector,0
734,5267,450543,60,14,5,13,3,904057,2,5,93,Education,Government,0
402,6406,229790,180,36,7,5,3,703076,9,5,55,Home Improvement,Private Sector,0
721,19826,344208,12,34,5,10,4,575586,14,32,86,Debt Consolidation,Self-Employed,0
605,12382,26281,36,17,5,25,7,841736,11,29,58,Auto,Self-Employed,0
397,6437,59189,84,10,9,34,9,866792,4,34,68,Medical,Unemployed,1
634,7435,267093,180,29,3,37,3,70835,9,22,91,Small Business,Unemployed,1
734,6107,315655,12,32,13,30,4,523757,12,9,90,Medical,Government,0
746,2560,127115,84,41,6,7,3,637712,9,18,57,Education,Unemployed,2
607,14329,13605,60,20,1,6,5,664478,12,27,97,Medical,Government,1
548,3826,367462,12,48,10,3,2,994796,5,22,83,Debt Consolidation,Self-Employed,2
465,13421,399597,12,33,5,13,7,255394,1,3,96,Medical,Self-Employed,1
780,14265,464850,12,20,8,3,5,320055,6,19,55,Debt Consolidation,Private Sector,0
634,9629,286954,240,38,5,26,9,991993,12,18,40,Debt Consolidation,Government,0
841,10325,254415,120,35,9,24,4,104088,2,26,87,Home Improvement,Self-Employed,1
405,9693,160394,240,25,11,6,1,540473,14,33,41,Education,Self-Employed,0
380,10264,46869,36,44,6,12,9,960296,0,3,95,Auto,Government,0
432,14686,37955,60,29,8,36,9,998714,9,37,54,Debt Consolidation,Private Sector,0
437,15716,66388,240,12,10,2,6,575901,2,6,78,Small Business,Private Sector,0
483,8721,246324,180,10,8,11,1,766372,8,6,67,Education,Private Sector,0
700,9373,15207,360,10,13,39,0,165999,9,25,40,Auto,Private Sector,0
629,7907,223401,120,26,3,34,6,263530,10,25,44,Small Business,Self-Employed,0
807,18127,465844,72,11,7,26,4,486369,10,18,81,Medical,Government,1
368,7656,164292,360,38,14,18,0,466944,14,8,61,Education,Government,1
845,10984,482266,120,29,7,21,3,994785,5,19,92,Small Business,Self-Employed,0
352,10286,210157,96,15,14,36,3,293164,10,15,75,Education,Self-Employed,0
749,7901,27031,96,17,10,22,9,567966,5,16,85,Education,Self-Employed,0
504,6917,468937,12,38,12,30,6,218767,3,21,52,Medical,Unemployed,0
425,10429,347951,120,42,6,30,8,62394,14,12,40,Medical,Government,0
342,16716,76312,72,12,12,8,1,725305,7,11,55,Education,Government,0
410,17795,64766,120,44,7,34,0,640665,4,9,94,Small Business,Government,1
482,13138,148521,36,14,14,9,1,647004,6,0,80,Home Improvement,Private Sector,1
394,4530,356977,360,36,2,20,6,188486,8,31,61,Debt Consolidation,Self-Employed,0
673,19432,192771,36,21,9,25,9,973320,12,29,71,Medical,Self-Employed,0
819,7772,242199,72,29,10,19,5,581206,12,7,55,Home Improvement,Self-Employed,1
659,17476,479469,120,29,10,5,3,485497,13,20,90,Medical,Unemployed,2
580,17751,241731,84,18,1,11,0,243556,4,21,54,Education,Government,1
494,4964,240841,36,48,1,15,0,378784,10,17,97,Home Improvement,Self-Employed,1
494,9137,116041,36,13,3,8,4,981198,13,1,85,Small Business,Unemployed,0
392,19347,121185,24,28,14,19,0,685815,4,8,91,Small Business,Self-Employed,0
360,18920,182164,120,47,3,23,6,367590,13,2,81,Auto,Private Sector,2
350,15891,461887,36,36,1,27,0,170807,3,25,92,Debt Consolidation,Government,0
702,9340,15350,240,22,12,32,0,95702,5,20,51,Debt Consolidation,Unemployed,2
304,9967,232230,60,22,7,26,1,106509,1,29,99,Medical,Self-Employed,1
765,14415,368003,120,31,4,27,9,356752,2,27,40,Debt Consolidation,Government,1
833,13871,266570,96,37,10,19,2,115310,0,35,92,Auto,Unemployed,0
704,13916,73487,24,31,13,29,0,930613,1,25,56,Small Business,Government,1
812,10734,153694,36,28,2,39,8,833234,1,33,80,Home Improvement,Government,0
532,2845,128853,24,17,10,33,9,724380,7,7,94,Home Improvement,Private Sector,0
823,4494,468479,96,17,5,19,7,559910,7,9,90,Small Business,Government,0
645,14677,320261,72,35,6,37,4,110935,1,13,96,Education,Unemployed,2
345,14330,240062,72,35,9,19,1,261440,12,39,89,Small Business,Government,1
845,7179,456610,360,32,4,33,4,118919,13,14,67,Home Improvement,Unemployed,0
377,8610,238077,120,22,2,16,5,921101,5,16,46,Medical,Government,0
372,8430,368228,96,37,5,23,0,959101,14,17,48,Auto,Self-Employed,1
548,9154,28782,48,18,3,7,3,697314,4,31,61,Small Business,Private Sector,1
346,15828,295598,360,29,2,26,8,70519,2,37,65,Education,Self-Employed,1
420,12145,335048,48,28,12,32,1,712475,4,22,92,Medical,Private Sector,1
513,8488,134936,120,48,1,12,4,499204,4,22,51,Small Business,Unemployed,0
538,5850,413808,12,21,10,8,0,961655,4,34,46,Medical,Private Sector,1
355,19073,158245,24,24,2,5,3,257587,2,38,85,Small Business,Government,0
649,15564,431420,24,40,6,28,3,149112,14,14,86,Medical,Government,2
406,7078,433812,72,23,8,5,5,45772,2,23,54,Debt Consolidation,Self-Employed,1
347,14168,432540,48,20,13,26,9,123431,3,27,77,Medical,Private Sector,0
636,7448,127258,240,35,3,5,8,883522,6,15,60,Debt Consolidation,Unemployed,0
325,19563,116668,180,36,11,22,2,195904,11,15,53,Home Improvement,Unemployed,2
556,11074,459418,36,20,9,15,8,159988,11,39,41,Debt Consolidation,Government,0
307,8406,487616,36,47,12,13,5,832303,11,38,47,Medical,Unemployed,0
552,10800,391328,36,43,9,28,6,515743,13,5,84,Auto,Government,1
602,16083,428966,72,28,2,33,9,813804,1,1,94,Auto,Government,0
355,3638,474328,96,15,8,23,1,980211,9,12,45,Home Improvement,Government,1
825,12340,283710,240,47,10,33,9,40080,3,8,76,Medical,Self-Employed,0
773,3382,143262,84,37,11,18,5,107242,3,33,76,Debt Consolidation,Self-Employed,1
327,3403,486823,48,10,12,30,5,830154,0,16,96,Auto,Government,0
377,11011,43333,240,44,5,26,1,515080,9,26,72,Small Business,Government,0
515,5292,389073,360,49,4,16,1,30048,7,28,80,Education,Government,2
685,11011,216977,48,17,10,13,1,610493,0,36,45,Medical,Unemployed,1
664,2419,94571,240,16,5,39,9,928281,7,21,91,Small Business,Government,0
825,14411,125263,180,20,4,33,0,317855,6,23,65,Small Business,Government,0
611,6517,399805,240,48,8,26,4,168403,8,6,78,Medical,Private Sector,1
306,17422,30235,240,13,4,1,7,257392,7,33,80,Education,Private Sector,1
302,11700,5159,240,34,13,38,1,21968,4,11,76,Auto,Private Sector,2
662,7693,148217,24,21,10,2,4,448185,7,22,53,Education,Private Sector,2
807,2767,479125,12,35,12,6,7,235417,13,14,76,Home Improvement,Government,1
573,16818,167993,120,47,13,38,9,536580,14,32,47,Debt Consolidation,Private Sector,0
805,3549,372003,360,21,14,24,4,777230,10,12,78,Debt Consolidation,Unemployed,0
314,11956,152309,360,46,6,18,1,959298,9,22,52,Small Business,Unemployed,1
491,8140,112507,24,33,2,27,2,342603,11,37,52,Auto,Private Sector,0
784,12837,406460,96,25,5,8,5,774292,14,31,79,Education,Self-Employed,0
327,5716,19743,120,22,6,28,4,837624,11,34,82,Small Business,Unemployed,0
338,6481,233174,48,34,5,10,3,946207,2,0,67,Medical,Unemployed,0
572,8548,51101,96,13,12,17,3,609481,14,4,97,Small Business,Private Sector,0
530,6837,247717,120,20,2,29,4,594453,9,12,57,Medical,Private Sector,0
385,9758,126534,180,41,14,6,1,855082,6,4,96,Medical,Government,1
773,12900,351371,180,16,7,14,8,975020,11,31,58,Home Improvement,Unemployed,0
425,9993,235604,60,20,4,22,1,494197,3,20,77,Home Improvement,Private Sector,0
836,7542,192450,84,37,8,6,9,917290,4,23,71,Medical,Private Sector,0
444,16828,338270,180,32,7,26,1,626686,8,17,61,Auto,Government,1
824,18052,323215,48,32,7,39,9,747470,6,20,41,Home Improvement,Unemployed,0
511,4385,207193,12,37,9,12,8,885317,3,9,99,Home Improvement,Private Sector,1
324,16308,341907,36,35,1,35,2,154329,5,23,52,Debt Consolidation,Government,2
693,2671,492030,60,34,10,14,9,101588,9,39,62,Small Business,Private Sector,0
366,2163,240422,36,38,6,22,6,366500,13,20,64,Debt Consolidation,Self-Employed,0
532,10656,410453,360,28,6,23,3,778110,10,24,67,Auto,Self-Employed,0
408,13234,151721,240,42,6,7,5,525186,6,22,97,Home Improvement,Private Sector,2
445,6795,173785,84,45,13,25,3,870941,12,21,50,Home Improvement,Unemployed,1
410,12634,209535,360,23,12,13,9,747633,9,3,72,Education,Self-Employed,2
527,6798,181481,120,23,6,21,6,314816,12,33,63,Auto,Government,0
410,12749,184838,360,44,12,10,0,981812,8,5,41,Small Business,Private Sector,2
769,7827,51154,72,39,10,9,2,733943,3,27,69,Small Business,Government,0
333,6719,274160,180,37,7,15,2,513552,9,30,56,Small Business,Self-Employed,0
668,2593,477779,12,26,14,2,0,285257,2,34,79,Auto,Unemployed,2
724,9394,446904,84,12,10,25,5,263838,7,38,73,Education,Government,2
817,16056,356822,36,25,6,13,8,16588,14,22,77,Education,Self-Employed,0
581,12636,379200,60,39,1,34,7,718116,0,5,61,Debt Consolidation,Self-Employed,0
619,2016,59238,180,38,3,34,6,458301,8,15,44,Auto,Self-Employed,0
742,5191,325752,48,24,2,35,9,767719,12,1,87,Auto,Government,0
614,2392,94081,180,34,6,38,7,246456,0,23,79,Education,Self-Employed,0
676,8272,252644,60,47,8,3,5,717502,1,16,90,Medical,Private Sector,2
588,18955,430113,60,47,3,6,8,65373,12,0,55,Medical,Self-Employed,1
736,5631,318105,72,32,10,19,2,873035,7,5,52,Debt Consolidation,Private Sector,1
576,8172,204775,180,34,8,3,9,531992,8,4,65,Medical,Unemployed,1
802,11312,442973,360,16,8,18,9,41136,6,28,70,Medical,Private Sector,1
815,10906,294061,180,31,5,39,8,592795,2,11,91,Medical,Unemployed,1
649,19159,420952,240,26,8,9,3,48361,6,38,78,Home Improvement,Unemployed,1
745,18462,295134,72,27,6,12,6,846279,5,2,87,Debt Consolidation,Private Sector,0
649,10080,67551,96,19,5,5,8,893791,1,0,62,Education,Unemployed,1
436,9099,456377,96,19,9,3,1,143513,2,26,87,Medical,Private Sector,1
542,16916,215695,240,16,14,11,1,382050,10,23,51,Small Business,Government,2
842,9083,158512,120,47,7,30,8,15677,12,18,53,Home Improvement,Unemployed,2
339,11223,171277,96,36,8,4,2,815250,11,7,95,Medical,Private Sector,0
528,6940,85811,240,42,1,5,8,265012,12,1,57,Home Improvement,Unemployed,1
847,5456,259840,24,10,11,1,4,608879,9,29,66,Debt Consolidation,Self-Employed,0
522,9788,322247,360,43,2,27,5,911394,9,29,67,Small Business,Private Sector,1
305,4711,469028,180,13,8,28,1,330408,12,38,57,Small Business,Self-Employed,0
621,13280,439843,360,26,12,29,7,598456,11,31,55,Small Business,Unemployed,0
767,18531,373266,240,13,9,18,8,668403,14,0,91,Medical,Unemployed,0
374,14089,239104,12,35,4,12,1,72939,4,37,55,Home Improvement,Government,1
303,12142,24008,180,13,12,13,5,278876,9,12,52,Small Business,Private Sector,0
417,18749,207346,24,10,10,2,5,842676,3,10,97,Auto,Self-Employed,2
803,17587,37402,24,16,11,37,7,412742,1,9,68,Auto,Government,0
740,11866,189456,360,39,10,16,9,796772,3,25,48,Home Improvement,Unemployed,2
493,6531,264994,36,18,14,24,4,760848,11,19,65,Medical,Unemployed,1
691,14686,404009,180,44,9,35,8,809826,7,16,67,Medical,Government,0
325,7330,141643,84,17,4,22,0,361701,4,16,80,Debt Consolidation,Self-Employed,0
734,7510,495083,24,33,10,36,8,136174,4,3,52,Debt Consolidation,Unemployed,1
472,10964,414425,12,28,10,11,9,496062,12,4,75,Small Business,Unemployed,1
599,8493,118550,72,45,10,29,6,544447,11,22,48,Education,Private Sector,1
625,12759,489146,120,36,9,35,3,123366,11,9,86,Debt Consolidation,Government,0
709,7439,441364,36,41,11,15,2,197164,9,27,53,Medical,Unemployed,0
417,16473,96218,72,23,7,31,9,793644,2,32,90,Education,Self-Employed,2
524,11765,138296,36,27,2,16,5,491576,12,25,51,Debt Consolidation,Private Sector,0
831,15279,184767,12,37,9,10,0,824837,7,28,92,Home Improvement,Government,0
412,8511,387923,360,38,4,32,2,393776,5,26,97,Auto,Self-Employed,0
439,13483,396858,60,25,8,2,1,340205,1,17,96,Debt Consolidation,Unemployed,1
300,19630,246060,180,44,14,24,8,357440,1,39,71,Debt Consolidation,Government,1
389,4376,245016,240,40,7,23,2,842618,8,9,77,Home Improvement,Government,0
619,13824,37441,48,13,13,2,1,962743,12,4,42,Medical,Self-Employed,0
849,8979,243038,84,46,7,38,3,767164,6,9,97,Small Business,Government,0
438,11832,175201,72,26,8,31,1,749353,9,20,96,Home Improvement,Self-Employed,0
810,14504,236324,180,48,1,26,0,386289,8,23,93,Small Business,Unemployed,0
558,8910,329512,84,35,5,29,5,507767,13,37,91,Debt Consolidation,Private Sector,2
309,16089,97122,60,48,2,3,9,535820,5,2,55,Medical,Self-Employed,0
560,4196,49760,48,13,2,14,7,211126,14,39,59,Education,Private Sector,0
471,7978,290622,84,39,1,25,9,990516,4,30,71,Debt Consolidation,Government,2
312,19153,395025,84,39,5,1,9,217351,11,36,95,Home Improvement,Self-Employed,0
467,2780,338998,72,31,2,3,1,329684,0,1,62,Education,Unemployed,1
620,11908,361374,96,20,4,26,8,104021,11,1,56,Auto,Self-Employed,0
618,8303,352860,48,11,3,18,2,790703,5,38,55,Education,Self-Employed,0
628,16686,148252,180,21,3,9,7,963986,5,33,77,Home Improvement,Self-Employed,2
849,5983,103538,60,39,2,38,7,1209,2,19,47,Education,Private Sector,1
718,11503,20372,48,45,13,23,2,223071,2,32,58,Home Improvement,Private Sector,0
394,18905,296940,360,27,6,21,2,661899,14,3,69,Debt Consolidation,Government,1
617,15070,456488,12,35,2,1,5,807409,2,10,96,Medical,Government,2
535,14232,226035,360,16,14,21,0,206214,2,4,97,Auto,Government,0
633,6583,365970,96,10,14,27,3,110920,6,24,73,Medical,Government,1
675,7946,387736,12,35,8,6,0,391300,9,36,53,Medical,Self-Employed,2
758,18377,360779,60,32,8,36,2,362732,10,33,61,Medical,Private Sector,0
436,9128,116022,72,35,13,28,8,331828,1,8,83,Home Improvement,Private Sector,1
846,13889,59040,72,15,14,17,4,231144,9,5,56,Home Improvement,Private Sector,1
812,14275,342501,60,15,12,3,4,911294,12,17,99,Auto,Private Sector,1
595,4461,207440,36,17,5,12,3,268751,9,13,98,Home Improvement,Government,0
619,16291,83356,60,33,10,39,2,217194,1,18,54,Small Business,Self-Employed,0
648,16036,283355,360,31,7,12,4,357930,2,13,89,Home Improvement,Private Sector,1
528,13435,372570,96,28,4,2,3,389550,9,39,87,Home Improvement,Unemployed,0
569,2685,272986,24,46,1,22,7,184011,11,16,71,Home Improvement,Self-Employed,0
590,14258,461331,72,27,11,23,3,674954,6,34,52,Debt Consolidation,Unemployed,0
464,17990,333996,120,40,2,30,7,452598,2,28,60,Auto,Self-Employed,0
304,18422,392881,96,46,10,5,5,8399,6,16,88,Small Business,Self-Employed,2
678,12736,313112,240,39,10,9,4,515242,8,7,79,Home Improvement,Self-Employed,0
377,6875,284652,96,42,4,21,3,652100,10,0,72,Auto,Unemployed,2
709,19640,158077,96,19,1,11,3,943621,9,35,96,Education,Private Sector,0
431,13182,59575,84,46,13,5,3,99662,11,6,97,Debt Consolidation,Private Sector,1
341,4196,478958,96,21,8,35,8,296761,14,4,66,Home Improvement,Unemployed,0
388,9165,155043,72,39,9,27,3,663858,10,23,74,Small Business,Private Sector,1
701,17997,423815,24,36,4,2,8,890258,3,27,55,Debt Consolidation,Government,1
595,16215,485808,24,48,10,24,9,773592,6,16,67,Small Business,Private Sector,0
594,2301,71914,96,18,3,31,5,917283,8,36,73,Debt Consolidation,Government,2
825,19030,254134,240,30,2,33,9,374221,13,19,86,Education,Government,0
721,16571,72055,12,21,5,39,6,838056,7,2,40,Auto,Government,1
322,11951,92697,72,38,14,30,9,797060,7,36,80,Debt Consolidation,Unemployed,2
442,12773,111239,72,42,3,37,2,394545,8,25,87,Medical,Private Sector,2
444,18140,240469,240,24,10,28,7,301763,13,14,70,Education,Private Sector,2
524,15057,128106,48,11,7,31,2,8032,4,7,75,Medical,Unemployed,0
802,14500,272499,360,48,11,11,0,704454,13,12,83,Education,Unemployed,0
403,17921,321264,240,27,6,23,9,301178,4,2,72,Medical,Private Sector,0
338,13870,472835,240,12,1,2,4,627946,2,0,72,Medical,Unemployed,1
497,6082,305486,180,16,12,27,1,908555,4,8,78,Small Business,Unemployed,1
690,15718,484208,36,27,8,35,9,516882,7,30,57,Debt Consolidation,Government,0
478,12517,477076,240,47,2,2,5,873590,11,25,62,Debt Consolidation,Unemployed,1
747,5754,7257,36,46,5,39,9,580552,4,16,99,Education,Government,0
799,3724,294508,12,42,9,37,8,619408,3,33,62,Auto,Self-Employed,0
314,3376,161044,36,40,8,21,0,48850,7,8,54,Small Business,Government,1
588,10706,116715,48,20,2,5,3,530010,6,12,65,Debt Consolidation,Government,0
777,10894,31654,240,13,9,21,0,280916,14,4,69,Debt Consolidation,Unemployed,2
530,18406,216841,240,27,5,29,0,349249,13,12,64,Small Business,Private Sector,0
719,7926,348567,60,13,10,20,7,435895,13,0,84,Home Improvement,Self-Employed,1
456,8251,296464,36,43,14,38,1,987275,5,24,55,Small Business,Self-Employed,0
849,11496,25808,72,38,6,20,0,5576,4,3,78,Debt Consolidation,Self-Employed,0
740,5300,57389,240,33,13,25,7,683067,13,35,87,Auto,Private Sector,1
396,10553,493906,360,31,3,2,3,362548,4,9,84,Home Improvement,Self-Employed,2
710,5727,123581,60,11,13,32,2,435848,12,27,53,Medical,Self-Employed,0
588,18898,132927,36,15,3,26,3,566764,9,5,56,Small Business,Private Sector,0
553,18832,39773,72,34,10,6,4,249292,1,26,51,Medical,Self-Employed,1
495,8019,187240,72,30,8,3,0,424501,12,11,68,Home Improvement,Unemployed,0
821,17463,425963,96,25,11,33,0,811586,14,2,71,Home Improvement,Unemployed,2
816,12047,343540,24,40,10,1,2,414270,3,32,95,Home Improvement,Government,1
417,13754,374836,12,23,10,5,5,280309,7,9,63,Education,Government,0
458,4520,219764,48,48,12,13,0,15439,7,30,91,Small Business,Government,0
527,5081,62505,84,37,2,19,1,381355,10,14,52,Auto,Unemployed,1
515,3428,353040,240,41,11,12,6,569806,0,6,95,Auto,Unemployed,0
314,5967,23135,180,37,12,25,0,220123,1,35,59,Medical,Unemployed,1
456,8445,95887,36,18,12,35,6,552250,4,13,54,Medical,Government,0
560,16566,127118,36,31,2,12,3,972438,8,13,95,Medical,Government,1
456,16042,494251,60,41,13,30,9,764445,9,2,92,Small Business,Government,0
346,13329,314521,60,14,5,5,5,300907,10,2,43,Debt Consolidation,Government,2
623,4159,159626,180,32,6,34,7,117189,11,21,93,Medical,Government,0
429,7132,329635,36,14,12,22,8,111290,12,18,73,Home Improvement,Government,0
710,16933,453837,120,41,2,39,5,982598,10,34,67,Medical,Unemployed,2
394,12473,250739,48,19,5,13,8,898246,6,11,89,Home Improvement,Private Sector,0
591,12805,325427,36,48,7,3,3,806896,9,4,41,Education,Private Sector,0
582,5083,483356,240,24,10,20,5,960540,4,9,96,Debt Consolidation,Government,0
368,19421,284067,24,16,10,31,7,124980,0,32,86,Debt Consolidation,Private Sector,0
310,15944,314735,180,38,8,5,8,228021,14,12,69,Small Business,Private Sector,2
553,9604,67261,240,12,12,24,2,689630,14,34,65,Small Business,Unemployed,1
849,17379,321480,120,28,7,33,1,43299,5,31,90,Auto,Government,0
433,5983,341227,48,19,8,8,5,742165,11,10,86,Education,Government,1
322,3778,65948,36,37,14,24,3,32541,7,37,65,Small Business,Private Sector,1
645,7110,245891,84,38,12,20,0,336689,6,23,59,Home Improvement,Government,2
601,14087,169074,96,24,9,16,7,476759,1,34,81,Education,Government,0
662,19508,478314,240,44,5,12,8,748358,11,18,67,Debt Consolidation,Government,1
695,19081,471232,24,15,13,13,8,130188,4,5,95,Home Improvement,Government,1
517,4179,293816,84,21,5,39,1,209150,13,39,59,Education,Private Sector,0
440,11596,271357,360,47,11,25,8,477186,10,34,50,Debt Consolidation,Self-Employed,0
509,7251,146365,60,22,10,32,6,817197,3,3,97,Small Business,Private Sector,0
759,11235,498193,240,38,4,24,4,811201,8,32,49,Home Improvement,Unemployed,1
655,16871,454076,60,28,13,9,6,220073,9,12,62,Home Improvement,Self-Employed,0
623,3013,67507,36,12,9,23,8,481620,0,35,76,Debt Consolidation,Self-Employed,2
432,18610,62134,60,17,5,13,7,545444,11,18,80,Home Improvement,Self-Employed,0
426,3828,138172,360,17,14,32,5,742196,5,11,91,Small Business,Private Sector,1
405,9909,246225,24,29,2,15,3,444697,2,10,58,Small Business,Unemployed,2
677,7588,198069,48,13,10,36,0,669795,10,5,84,Small Business,Private Sector,1
350,15109,295316,72,30,8,5,5,726010,8,11,57,Debt Consolidation,Unemployed,2
328,4023,287276,12,12,7,22,2,702696,4,26,88,Medical,Private Sector,2
761,16537,253933,180,17,8,16,5,954639,12,24,66,Medical,Private Sector,0
595,7891,285343,48,32,12,10,5,74631,5,2,45,Home Improvement,Private Sector,1
596,3080,41609,72,25,3,24,3,825341,10,2,49,Small Business,Self-Employed,0
706,7036,179037,120,22,4,18,1,594775,8,19,41,Home Improvement,Private Sector,1
704,17379,144088,240,12,5,18,8,939972,8,27,63,Debt Consolidation,Unemployed,0
645,12822,437995,240,18,6,7,1,486825,7,22,77,Home Improvement,Unemployed,1
719,4563,299025,24,23,1,4,2,310799,8,2,67,Auto,Unemployed,1
481,5292,218666,240,22,4,26,9,428557,3,23,67,Medical,Self-Employed,0
300,5586,291616,84,16,11,5,0,768023,5,39,92,Home Improvement,Private Sector,0
670,18087,498678,72,24,12,16,6,720542,4,5,84,Home Improvement,Private Sector,2
730,18100,187885,24,16,10,35,0,52786,4,19,89,Education,Government,0
608,8643,236440,96,47,13,26,8,69304,3,10,78,Home Improvement,Self-Employed,0
436,5959,262803,84,43,5,18,0,366750,1,31,41,Auto,Unemployed,0
501,13005,172093,240,31,7,29,4,178586,11,26,85,Medical,Unemployed,2
735,12775,321275,60,33,13,23,6,646226,5,20,44,Education,Private Sector,2
612,2161,160159,360,46,5,14,2,428195,8,12,89,Debt Consolidation,Unemployed,1
416,18029,17828,60,10,13,15,8,485103,11,21,50,Debt Consolidation,Private Sector,2
543,18977,459826,84,19,13,33,7,868413,0,34,49,Medical,Private Sector,0
836,16226,363808,120,25,1,25,2,56107,13,21,82,Debt Consolidation,Government,2
374,13154,137473,240,17,11,21,4,523058,6,27,98,Auto,Self-Employed,0
685,14080,483395,120,34,7,17,6,246191,5,20,41,Home Improvement,Private Sector,0
509,5390,282337,120,21,8,23,3,657520,2,17,54,Medical,Private Sector,0
774,7997,228461,72,34,13,17,4,351041,0,30,78,Education,Private Sector,1
717,14693,443080,180,26,7,14,2,73577,12,36,80,Home Improvement,Government,1
646,19047,418523,72,35,11,29,8,740663,3,20,76,Debt Consolidation,Private Sector,0
828,11324,369662,36,23,14,20,9,405062,14,13,46,Debt Consolidation,Self-Employed,2
478,2541,286755,12,45,13,30,8,261933,13,24,59,Education,Self-Employed,0
481,7093,179863,84,32,4,19,6,629468,8,26,73,Auto,Unemployed,0
324,15428,410166,48,15,8,39,9,283068,14,39,74,Education,Self-Employed,0
479,13166,343384,12,14,5,13,1,374337,1,22,73,Medical,Unemployed,1
800,19251,244719,96,34,10,18,6,670242,2,30,92,Education,Self-Employed,2
460,18063,213475,360,27,9,23,6,736634,1,28,61,Debt Consolidation,Unemployed,0
476,12258,269889,72,22,12,33,4,2095,13,29,70,Auto,Private Sector,1
584,18044,322387,72,23,12,39,8,367349,1,25,62,Auto,Government,0
362,7469,271010,24,37,10,18,2,697343,9,19,58,Small Business,Government,1
455,8256,168317,12,27,5,9,3,539411,10,37,43,Education,Government,2
768,12720,442940,24,37,1,33,0,487884,10,18,63,Medical,Private Sector,0
348,3169,395825,48,36,12,32,5,722975,7,26,59,Debt Consolidation,Government,2
383,2830,76354,24,41,9,17,3,489409,2,24,78,Home Improvement,Self-Employed,1
660,3651,56374,12,18,12,19,0,832710,6,39,67,Auto,Unemployed,0
447,19520,119397,84,49,5,27,1,885343,7,37,93,Education,Private Sector,2
641,11518,253552,240,41,6,6,2,52999,2,22,78,Small Business,Government,0
775,15258,391721,240,29,4,35,8,818585,1,28,56,Medical,Self-Employed,0
362,18184,428332,360,37,6,37,7,281488,12,14,58,Medical,Self-Employed,0
659,3019,348173,96,42,12,34,6,756137,12,2,93,Debt Consolidation,Private Sector,0
626,12028,360718,72,13,8,20,3,562944,7,9,87,Auto,Private Sector,2
440,14448,418663,48,43,3,25,0,202587,2,14,74,Debt Consolidation,Government,1
514,14485,297575,72,12,5,4,7,785875,6,15,71,Small Business,Unemployed,2
734,3283,416124,36,35,2,10,3,264356,11,16,86,Home Improvement,Government,0
617,19043,34336,360,17,14,10,2,645673,0,18,85,Home Improvement,Government,0
331,3733,308136,96,15,2,24,8,141073,13,10,86,Home Improvement,Private Sector,0
584,18230,60350,180,25,13,21,9,79784,14,4,85,Medical,Government,1
604,16472,74561,24,33,7,11,3,886155,11,4,78,Auto,Government,2
728,14889,319099,60,48,10,27,3,344288,5,13,96,Debt Consolidation,Unemployed,1
776,5471,66240,12,39,13,16,8,954931,11,25,74,Debt Consolidation,Self-Employed,0
585,11028,156165,72,22,10,26,1,556656,11,7,69,Small Business,Self-Employed,2
443,10329,404371,24,14,14,30,4,727179,12,4,56,Home Improvement,Unemployed,1
723,4097,51607,48,34,11,16,3,62160,8,6,81,Auto,Self-Employed,0
318,16082,431703,72,29,10,7,8,682214,11,15,86,Auto,Government,2
317,15930,191740,180,27,6,16,4,273859,2,13,68,Small Business,Unemployed,0
670,12077,419179,240,27,4,35,8,475917,13,36,45,Education,Unemployed,0
474,8397,186196,96,11,5,16,8,584072,6,3,99,Auto,Private Sector,0
493,4757,320014,360,19,1,12,1,392337,12,35,56,Auto,Self-Employed,0
801,19833,454763,96,21,7,35,8,362788,5,16,56,Debt Consolidation,Private Sector,0
412,7017,69110,240,22,8,21,2,27797,7,35,53,Small Business,Government,0
413,18370,189626,72,20,9,36,3,310717,2,5,63,Auto,Unemployed,0
521,9999,157008,48,28,8,17,0,863552,2,15,96,Auto,Government,1
563,12195,384039,96,44,5,32,0,540068,3,28,89,Debt Consolidation,Self-Employed,2
354,4096,9426,96,48,3,6,0,563193,2,35,96,Auto,Private Sector,1
757,17433,224911,180,35,10,24,8,940077,8,37,76,Debt Consolidation,Self-Employed,0
461,12595,294750,12,23,11,27,7,641337,10,36,79,Education,Government,0
679,17941,446048,48,33,9,20,4,654939,3,9,78,Medical,Private Sector,0
386,17078,33151,48,10,6,25,4,558647,5,35,94,Debt Consolidation,Self-Employed,0
354,7105,477519,84,31,5,2,8,329206,7,28,71,Debt Consolidation,Government,1
775,4839,278452,240,32,13,9,2,598679,10,13,75,Auto,Self-Employed,1
477,5384,245853,84,28,3,28,2,306607,12,3,89,Debt Consolidation,Unemployed,1
690,12851,460738,240,27,6,38,6,100596,7,35,76,Small Business,Private Sector,1
648,12053,259595,96,21,3,3,8,772702,14,12,87,Home Improvement,Private Sector,0
307,15493,181743,240,37,10,20,5,882450,4,17,53,Home Improvement,Private Sector,0
612,19069,95306,60,37,12,6,1,804003,4,32,66,Education,Unemployed,1
742,16139,230180,84,42,6,39,0,675502,5,20,98,Debt Consolidation,Private Sector,0
627,9531,374128,96,28,4,33,1,812536,9,15,58,Small Business,Unemployed,0
353,6283,7204,120,37,2,1,0,9625,6,14,70,Auto,Private Sector,0
538,9736,97769,36,46,8,37,9,302343,12,4,85,Auto,Self-Employed,0
528,9710,92265,36,35,4,6,9,383869,12,5,48,Medical,Self-Employed,0
350,3619,298275,48,44,9,34,8,410142,9,37,77,Education,Self-Employed,2
563,15975,57428,60,43,7,15,9,294362,13,2,56,Small Business,Self-Employed,2
717,14835,38870,180,44,12,26,7,700832,6,11,58,Small Business,Unemployed,0
395,17261,108547,12,49,2,14,6,355060,12,35,83,Auto,Government,0
387,3431,240990,84,25,4,7,2,124182,3,32,43,Medical,Government,1
377,11067,54067,120,47,5,31,7,545854,5,35,87,Auto,Self-Employed,0
587,6713,456801,96,22,3,24,1,974629,6,32,96,Medical,Government,0
419,11557,243083,60,32,9,31,1,34205,4,30,50,Home Improvement,Government,0
790,11435,117217,48,31,13,29,9,110084,4,20,61,Small Business,Private Sector,0
751,6998,419823,360,25,5,32,2,30717,1,26,43,Home Improvement,Unemployed,1
799,2162,423184,84,37,2,17,6,706344,6,26,56,Auto,Self-Employed,2
464,3974,103934,60,44,11,14,0,894724,11,7,47,Education,Government,0
481,10461,147980,84,17,3,36,7,943639,5,36,85,Debt Consolidation,Government,0
768,19015,424639,360,31,14,24,6,684524,10,31,98,Education,Self-Employed,0
306,19289,341851,12,30,9,27,3,992993,0,25,73,Education,Private Sector,0
629,4014,214329,12,35,7,25,4,301706,3,1,50,Debt Consolidation,Self-Employed,2
450,11833,262354,180,49,2,32,9,463326,2,11,70,Small Business,Private Sector,1
384,9896,66215,36,30,9,18,0,21169,11,21,50,Home Improvement,Government,1
446,2204,191907,240,34,14,18,3,978362,14,16,95,Home Improvement,Unemployed,1
680,18965,316573,24,10,4,37,0,809036,2,6,93,Small Business,Private Sector,2
847,11032,349296,24,15,13,26,0,352814,6,3,95,Debt Consolidation,Private Sector,2
584,7347,113048,84,32,9,9,9,377749,10,36,77,Medical,Self-Employed,0
381,4643,174530,360,32,13,35,0,351882,11,37,92,Education,Government,0
813,10017,182241,180,32,2,8,6,394900,9,31,60,Auto,Unemployed,1
822,19258,143731,24,41,12,20,6,653428,3,10,85,Home Improvement,Self-Employed,0
685,7560,458830,240,39,10,22,3,103537,14,0,69,Small Business,Self-Employed,2
770,17892,244977,48,22,12,19,1,771625,11,24,49,Auto,Unemployed,1
418,16531,344384,24,27,4,30,2,636589,7,23,65,Debt Consolidation,Government,2
695,19073,431009,72,32,5,28,7,271151,10,16,66,Auto,Unemployed,0
831,6000,118688,96,24,2,35,7,902347,8,7,47,Auto,Self-Employed,2
560,16289,313617,180,42,10,11,5,232704,2,26,78,Education,Self-Employed,0
555,19055,363906,48,30,1,31,9,118419,4,17,47,Debt Consolidation,Private Sector,2
525,9927,225460,60,48,7,39,8,304931,3,26,99,Auto,Unemployed,0
352,17562,495834,48,32,10,36,8,837014,13,21,47,Home Improvement,Unemployed,1
799,3171,486546,36,36,1,30,3,731151,11,15,94,Debt Consolidation,Unemployed,1
805,13918,374100,60,27,11,23,0,754158,9,1,73,Home Improvement,Self-Employed,0
663,11135,385596,120,33,11,19,0,871061,14,4,98,Small Business,Government,0
579,8342,191823,96,49,8,12,9,793214,5,17,55,Small Business,Self-Employed,2
457,19833,393455,96,16,3,15,4,592058,10,2,80,Medical,Private Sector,0
358,13929,214987,96,29,14,31,1,582933,9,26,52,Small Business,Self-Employed,1
427,4539,452470,360,36,10,37,5,628797,3,16,62,Auto,Self-Employed,0
414,5959,274150,96,15,6,37,6,231796,7,15,51,Debt Consolidation,Self-Employed,2
508,15183,254243,84,36,7,15,0,950500,2,5,66,Small Business,Private Sector,1
825,7432,79218,96,18,10,29,5,816636,10,6,61,Home Improvement,Unemployed,0
820,3753,201416,240,40,1,26,7,542440,4,13,71,Auto,Government,0
536,12123,432056,96,30,14,2,4,525154,12,37,96,Small Business,Government,1
580,18376,37430,96,35,6,20,6,449402,0,39,88,Education,Private Sector,0
658,8588,28091,360,49,7,15,9,764260,12,14,66,Home Improvement,Unemployed,0
500,8304,262125,180,22,6,4,5,353699,14,32,41,Home Improvement,Unemployed,1
577,9345,431199,84,32,4,22,3,217096,5,26,84,Medical,Private Sector,0
534,17352,28989,360,29,1,38,6,759019,10,28,72,Education,Self-Employed,0
793,2597,80451,12,46,11,23,9,282833,4,36,65,Medical,Unemployed,1
303,4336,23990,48,37,9,26,8,707050,7,4,67,Small Business,Government,0
741,11879,357414,48,26,4,11,9,488258,8,28,58,Education,Private Sector,0
328,2572,347504,60,37,7,28,9,346395,7,31,82,Home Improvement,Government,0
408,9521,255541,180,11,7,2,6,189392,7,5,44,Medical,Self-Employed,1
374,8171,303225,72,34,2,8,4,982730,11,1,72,Auto,Private Sector,1
445,15992,147105,48,15,1,29,6,712451,13,5,59,Education,Government,1
427,13861,375416,24,20,8,11,2,369709,12,3,69,Home Improvement,Government,0
341,14464,283385,72,47,8,37,1,473517,2,28,84,Debt Consolidation,Self-Employed,0
655,3633,129932,96,15,7,18,4,940446,3,24,47,Education,Private Sector,0
340,19901,273083,96,20,14,14,3,39712,14,8,77,Education,Unemployed,0
333,14485,118000,84,23,8,10,4,782675,10,2,56,Small Business,Unemployed,2
316,12849,183634,72,11,3,35,7,237502,3,25,83,Auto,Government,0
452,5648,40063,24,49,11,9,3,197349,14,26,40,Small Business,Self-Employed,0
677,17177,498216,84,12,2,35,8,312776,14,35,42,Education,Government,0
641,15140,212793,240,44,7,11,6,956535,13,31,85,Education,Self-Employed,1
326,19921,163117,360,42,8,12,9,545766,10,0,65,Auto,Unemployed,1
586,16357,442985,60,33,1,3,6,23551,4,15,70,Auto,Government,1
467,15368,314262,72,28,12,39,7,49068,12,10,47,Medical,Government,2
567,5137,89703,180,27,10,14,5,94608,8,25,82,Home Improvement,Self-Employed,0
754,2097,419841,96,33,9,28,7,560849,11,39,98,Home Improvement,Private Sector,0
700,13407,240796,96,44,13,11,2,134964,8,0,85,Medical,Self-Employed,0
775,14722,133557,36,10,11,39,9,287539,9,25,47,Home Improvement,Private Sector,1
429,14924,294220,360,45,4,25,9,544044,12,27,74,Education,Unemployed,1
662,5750,258317,360,34,14,21,0,248652,11,8,78,Medical,Government,1
591,10535,200877,84,43,12,10,5,953155,13,21,67,Medical,Government,1
670,6666,311749,12,34,14,15,0,252227,0,7,90,Home Improvement,Self-Employed,1
328,18009,351709,12,25,4,19,8,329477,13,26,43,Debt Consolidation,Self-Employed,2
448,18994,486725,84,43,3,22,1,467961,13,38,96,Home Improvement,Unemployed,1
595,3727,306265,180,38,6,21,1,500755,7,18,55,Small Business,Unemployed,1
310,3854,463317,120,28,1,32,6,705666,13,24,52,Debt Consolidation,Private Sector,0
811,12800,298577,84,32,6,23,1,677706,0,37,59,Medical,Unemployed,1
412,7055,48309,180,28,2,13,9,900993,1,20,90,Debt Consolidation,Unemployed,2
486,12271,334612,60,34,9,5,7,815456,6,23,44,Education,Unemployed,0
526,14819,442470,96,25,2,4,5,751310,14,23,94,Auto,Unemployed,1
609,11369,334437,24,18,7,28,6,512984,7,18,76,Debt Consolidation,Private Sector,1
397,11283,363402,120,10,12,14,6,435034,0,1,59,Small Business,Unemployed,0
354,15171,436069,72,28,1,8,5,531235,14,13,63,Auto,Private Sector,1
705,7774,305549,120,42,12,9,9,993657,2,31,75,Education,Self-Employed,0
368,8519,464868,24,43,7,35,8,480456,6,31,73,Small Business,Government,2
611,12983,48527,36,25,5,37,8,128192,12,27,97,Auto,Self-Employed,2
588,16939,344371,360,49,8,21,6,782879,8,38,84,Education,Unemployed,0
847,2781,398708,96,27,4,18,8,881670,7,39,87,Auto,Government,0
447,18282,229490,12,43,12,33,9,330572,7,39,93,Auto,Unemployed,1
766,8823,144883,180,34,10,8,2,948258,14,12,73,Home Improvement,Unemployed,0
543,9193,98344,84,15,7,17,2,326499,8,11,58,Small Business,Self-Employed,0
790,4113,160344,84,30,6,31,0,452457,9,7,56,Small Business,Unemployed,1
806,18280,492151,12,15,5,34,4,463176,2,14,44,Debt Consolidation,Self-Employed,0
664,15565,470226,120,41,4,6,3,917390,7,25,64,Small Business,Unemployed,0
781,12183,228564,96,48,7,22,1,783780,0,11,57,Small Business,Private Sector,2
500,19961,52153,48,40,12,14,8,239826,7,26,99,Auto,Government,2
453,11203,113042,180,19,5,3,2,669778,12,17,94,Medical,Self-Employed,1
749,17795,59110,240,39,5,12,7,751782,6,35,92,Home Improvement,Self-Employed,2
800,15489,150051,60,27,1,36,5,756679,12,26,89,Debt Consolidation,Government,0
372,7546,246131,24,33,2,12,4,482809,14,8,47,Home Improvement,Self-Employed,0
595,8852,244173,120,18,5,2,0,187256,7,38,66,Debt Consolidation,Government,0
316,4551,33328,360,40,13,2,3,923337,0,0,54,Education,Private Sector,1
516,8411,117911,360,24,3,15,2,993934,5,6,84,Auto,Unemployed,2
360,18391,280011,72,13,14,23,0,770606,6,25,52,Small Business,Private Sector,1
341,2475,64234,36,49,13,29,4,173905,13,6,55,Small Business,Unemployed,2
324,12403,292995,360,18,2,17,5,394781,10,6,61,Medical,Government,1
338,9239,298423,84,18,14,32,1,958684,4,7,59,Home Improvement,Private Sector,0
430,8710,253503,120,35,14,7,2,19402,13,15,52,Home Improvement,Unemployed,0
797,10078,232135,36,13,4,30,5,174917,4,2,59,Home Improvement,Government,0
528,4285,78402,24,26,4,28,3,601139,6,9,41,Small Business,Unemployed,0
407,7223,282593,84,25,4,14,8,13834,14,6,74,Home Improvement,Self-Employed,1
471,15521,343365,84,24,4,30,4,593138,10,20,86,Auto,Self-Employed,0
734,16889,356224,48,44,3,17,3,38180,14,36,94,Debt Consolidation,Government,1
777,8971,10451,240,14,13,32,1,398099,2,30,58,Small Business,Unemployed,1
401,13531,92178,120,14,12,6,5,634976,5,22,84,Auto,Self-Employed,0
823,16721,439532,96,29,7,24,9,207659,6,26,76,Education,Private Sector,0
574,6943,461280,12,24,9,6,1,369664,0,21,97,Auto,Unemployed,0
343,8530,330905,12,27,12,27,6,799127,11,38,93,Auto,Unemployed,0
316,13116,241562,60,11,5,18,2,128135,1,26,45,Education,Self-Employed,2
629,2258,306014,72,38,4,24,8,155195,11,3,53,Auto,Self-Employed,0
796,2282,363710,36,22,11,37,4,583769,3,23,43,Debt Consolidation,Government,1
311,15937,390893,120,13,2,24,7,598726,12,22,61,Small Business,Unemployed,2
617,3898,128765,360,19,2,38,5,636779,7,18,90,Medical,Private Sector,2
515,6135,392025,180,40,5,34,9,523741,10,2,94,Education,Self-Employed,2
638,8629,429089,72,17,7,15,7,411789,12,26,78,Small Business,Unemployed,0
380,13168,133389,48,12,10,11,2,647132,13,2,75,Home Improvement,Self-Employed,0
784,2612,194699,360,18,10,22,2,358054,9,27,73,Debt Consolidation,Government,0
673,16203,202227,84,39,9,24,4,57494,5,16,66,Medical,Unemployed,0
499,19071,497402,96,20,13,1,9,406504,0,30,46,Debt Consolidation,Unemployed,2
836,4307,292516,120,44,7,18,2,834410,9,9,42,Debt Consolidation,Government,1
765,9133,270786,240,46,5,12,7,990924,4,21,86,Home Improvement,Private Sector,0
388,13205,265220,72,22,10,28,9,380989,6,29,72,Medical,Self-Employed,0
567,7906,426217,72,45,10,7,7,918053,14,20,41,Debt Consolidation,Government,0
788,4591,301208,96,22,10,23,1,732455,12,35,81,Home Improvement,Unemployed,1
837,17149,230898,360,21,6,21,3,55672,5,22,55,Education,Government,1
346,14150,281266,60,46,11,34,9,587109,12,37,64,Home Improvement,Unemployed,2
587,9183,423036,36,19,12,11,0,871093,12,11,99,Auto,Government,2
315,12102,73431,360,18,3,22,3,70224,11,24,54,Small Business,Private Sector,0
700,19053,60745,36,16,5,35,3,876837,8,19,63,Home Improvement,Unemployed,0
385,3283,55081,72,11,8,29,9,235745,7,6,54,Home Improvement,Government,0
549,2923,469118,24,32,1,28,8,55796,14,28,70,Home Improvement,Private Sector,0
690,3125,406927,72,48,12,18,2,438922,3,28,53,Debt Consolidation,Private Sector,2
634,3529,221204,72,49,1,14,1,653842,12,12,93,Medical,Self-Employed,1
818,10438,417009,96,48,7,18,8,386921,10,2,53,Home Improvement,Unemployed,1
436,18154,406415,84,30,14,28,8,267167,11,1,45,Home Improvement,Self-Employed,0
797,10004,81253,96,32,5,24,0,770646,4,15,53,Auto,Private Sector,0
776,11752,303335,120,38,14,8,5,738996,6,29,56,Auto,Self-Employed,0
522,12592,277355,72,23,5,8,9,168807,7,37,57,Education,Self-Employed,1
671,5864,116086,36,35,1,4,7,860391,4,5,59,Education,Government,1
701,2226,461285,180,14,9,27,2,564506,8,6,90,Auto,Self-Employed,0
742,17036,487112,36,40,1,36,8,930717,13,4,56,Medical,Private Sector,1
789,13739,454962,240,34,5,5,1,495735,9,6,55,Education,Self-Employed,2
572,18648,419758,360,40,10,33,5,516729,11,33,79,Small Business,Unemployed,0
825,11587,429528,12,29,9,34,0,230766,3,31,78,Small Business,Government,1
458,13749,443458,240,26,14,30,6,815892,3,12,91,Medical,Private Sector,0
451,2645,369115,60,11,4,8,2,912011,12,29,71,Auto,Self-Employed,1
487,18299,98783,48,34,13,39,6,852112,7,24,99,Education,Unemployed,1
397,15675,130681,120,22,8,26,3,32017,0,20,83,Home Improvement,Private Sector,2
430,12964,92893,120,48,6,37,8,355182,7,20,48,Auto,Self-Employed,0
470,18087,453604,60,37,11,34,4,949494,4,27,66,Education,Government,0
482,15537,163763,180,15,3,7,2,544803,12,19,85,Medical,Self-Employed,0
663,15269,82960,48,12,4,28,7,424207,13,33,91,Small Business,Private Sector,0
338,11346,351532,84,44,2,39,5,401850,10,4,72,Medical,Private Sector,1
826,2587,27601,72,27,1,39,1,209106,0,17,49,Education,Private Sector,2
796,14763,416236,48,20,13,28,2,994956,3,38,56,Medical,Unemployed,0
815,11177,144227,180,29,14,14,7,947881,1,10,88,Education,Self-Employed,0
648,6079,205191,24,14,8,38,9,820433,3,16,88,Education,Self-Employed,0
696,5348,479267,12,28,1,4,6,526679,7,21,75,Medical,Self-Employed,0
460,12785,172849,48,31,14,18,9,721566,4,36,56,Debt Consolidation,Government,0
315,14328,286854,48,28,13,25,5,634676,0,19,57,Home Improvement,Unemployed,0
792,8450,375858,12,25,11,7,0,305359,6,5,91,Auto,Unemployed,1
725,15230,160604,72,33,1,38,8,605008,0,33,62,Small Business,Government,0
407,7433,133727,48,13,4,28,2,290258,8,13,73,Home Improvement,Unemployed,1
749,3098,416817,12,24,10,5,4,668242,2,22,47,Auto,Government,1
610,9096,68227,12,34,12,3,6,900574,11,19,52,Auto,Private Sector,0
469,13439,141039,12,44,10,31,6,673633,2,12,62,Small Business,Private Sector,1
845,11087,89289,96,23,6,20,2,369350,14,31,96,Home Improvement,Unemployed,1
713,18021,156094,180,28,9,19,3,570935,14,25,93,Small Business,Private Sector,1
550,8416,441679,96,47,1,11,9,476881,5,13,59,Education,Private Sector,0
440,8980,210743,24,45,7,3,6,721252,9,35,61,Small Business,Private Sector,0
573,13101,272866,240,16,10,23,7,567967,5,7,86,Medical,Self-Employed,2
715,9950,163485,84,39,11,7,1,263571,12,39,91,Debt Consolidation,Private Sector,1
338,11122,490988,96,28,5,23,8,753312,10,21,62,Debt Consolidation,Self-Employed,0
328,14576,348194,96,34,12,7,6,917101,10,21,80,Debt Consolidation,Government,0
776,3089,238820,240,25,8,34,7,591555,5,15,74,Home Improvement,Government,0
617,6578,241994,180,49,14,19,5,1799,12,26,42,Home Improvement,Government,0
544,11127,484083,240,17,7,9,5,318803,0,9,73,Education,Government,1
571,12487,350740,84,27,4,18,8,488625,4,24,72,Debt Consolidation,Government,0
739,2155,333876,60,37,4,25,3,532313,11,30,85,Education,Private Sector,0
538,3958,410513,12,25,6,14,4,539769,5,20,56,Debt Consolidation,Private Sector,1
676,12693,73323,360,28,6,25,8,288555,7,26,84,Home Improvement,Private Sector,0
565,8344,290960,120,26,9,19,0,753254,12,16,58,Medical,Government,1
658,7779,45695,84,22,12,39,3,631216,0,32,69,Medical,Government,1
639,5830,417918,24,16,5,15,6,648302,4,30,62,Medical,Self-Employed,0
688,11046,423458,72,36,8,16,8,409177,2,25,54,Small Business,Unemployed,1
302,11794,60841,24,19,5,27,9,415983,1,20,98,Medical,Private Sector,1
728,2441,395642,12,43,2,10,5,515111,10,35,96,Auto,Unemployed,0
441,16478,203784,84,45,6,4,7,52690,7,0,53,Debt Consolidation,Government,0
675,6628,483879,24,34,9,19,8,578158,6,3,41,Medical,Government,1
623,8370,112096,24,15,13,28,9,692495,9,3,78,Auto,Government,2
445,11528,97764,240,33,3,21,3,983018,6,25,88,Auto,Unemployed,1
592,19332,451790,60,27,1,14,0,87928,4,3,57,Auto,Self-Employed,0
731,13565,90744,60,32,1,33,7,522921,11,8,45,Education,Government,1
698,10179,295626,84,15,13,10,1,735158,12,29,98,Education,Self-Employed,0
643,18013,14171,12,38,3,19,0,596053,8,3,71,Auto,Self-Employed,1
439,18843,105755,96,34,10,30,6,286916,4,4,60,Small Business,Private Sector,1
486,2392,497148,36,26,5,22,9,917849,1,22,79,Medical,Unemployed,1
360,14130,113125,48,33,3,3,8,806231,2,15,67,Debt Consolidation,Government,2
679,12449,397866,120,20,9,37,8,375195,3,21,66,Small Business,Self-Employed,1
739,19522,373226,48,35,8,18,2,655229,14,36,41,Home Improvement,Unemployed,1
618,9418,8696,180,43,3,11,5,24555,4,7,72,Education,Unemployed,0
601,4454,131310,360,37,9,2,6,879584,12,32,55,Medical,Government,2
643,19761,418274,60,12,13,12,9,390363,2,37,78,Medical,Private Sector,2
310,17223,156385,84,20,6,6,8,937837,11,15,61,Home Improvement,Private Sector,0
361,8701,286293,48,47,13,29,1,398477,13,4,95,Home Improvement,Self-Employed,0
525,4597,397208,12,23,7,30,7,382977,6,15,82,Medical,Private Sector,0
452,2141,320665,120,35,4,2,6,856434,4,6,86,Home Improvement,Private Sector,1
609,4659,50740,48,30,4,9,3,309697,4,0,52,Medical,Private Sector,1
542,11031,111611,120,48,12,2,1,266232,5,8,95,Small Business,Unemployed,0
792,17037,403172,72,39,13,29,7,571071,6,17,41,Home Improvement,Government,2
665,15970,473947,12,17,2,33,4,526403,9,2,53,Small Business,Unemployed,0
629,7661,480828,360,29,5,10,5,988618,9,23,95,Small Business,Unemployed,1
406,8142,253922,36,41,8,34,6,724486,7,27,77,Home Improvement,Government,0
525,14109,333785,240,31,7,8,9,73908,8,9,80,Medical,Unemployed,0
517,10787,68811,24,16,7,37,0,594397,10,8,67,Auto,Self-Employed,0
805,12096,450376,120,18,6,33,7,790410,3,12,46,Medical,Self-Employed,0
558,10472,187385,360,10,3,6,3,372087,4,34,57,Debt Consolidation,Unemployed,1
816,18807,68232,12,38,5,19,8,10422,14,22,95,Home Improvement,Private Sector,1
353,6249,282561,120,17,13,32,0,175698,4,16,80,Education,Unemployed,0
346,16949,160801,120,13,1,27,1,614521,7,6,94,Home Improvement,Private Sector,0
820,3750,117492,96,44,7,1,5,843606,8,15,75,Debt Consolidation,Unemployed,0
398,6088,35099,96,12,9,33,9,490572,6,39,80,Small Business,Self-Employed,1
319,17282,234206,240,49,1,32,0,38743,14,35,75,Education,Private Sector,1
789,11641,428177,360,16,13,5,3,726821,4,19,83,Education,Self-Employed,0
718,7075,410818,12,36,2,17,7,451415,2,23,43,Medical,Unemployed,1
361,12412,123474,240,10,3,8,9,393432,0,4,96,Auto,Government,0
444,17686,276400,96,36,3,34,4,654288,10,5,69,Medical,Private Sector,2
515,9230,484336,180,25,8,9,8,385922,8,27,63,Education,Private Sector,2
302,17432,248588,36,47,7,23,5,554718,4,4,59,Education,Unemployed,1
459,13002,39681,240,16,6,35,0,29834,8,38,85,Auto,Unemployed,2
419,15947,96328,84,32,10,7,5,549723,9,37,95,Home Improvement,Private Sector,2
388,15686,223512,240,20,10,15,5,88212,14,1,70,Auto,Government,2
628,19915,463005,12,42,11,20,5,581085,11,38,63,Small Business,Unemployed,1
656,15074,310505,12,45,4,25,7,437770,12,20,46,Medical,Unemployed,0
566,6493,462719,180,46,9,3,5,579843,13,39,65,Home Improvement,Unemployed,0
622,19317,39540,60,26,1,24,4,86350,3,36,52,Medical,Government,0
840,3460,162608,60,44,11,34,1,15716,4,17,93,Auto,Private Sector,1
494,16140,89700,96,14,2,22,3,61261,3,11,47,Home Improvement,Self-Employed,0
631,12704,461259,84,41,14,11,9,946032,1,16,94,Auto,Unemployed,0
469,18669,345676,96,12,4,8,4,789427,11,36,44,Small Business,Government,0
820,18648,192647,72,44,3,39,9,547702,0,37,83,Debt Consolidation,Private Sector,0
762,8816,394770,72,23,1,35,3,670204,7,14,52,Education,Private Sector,1
339,13639,401087,24,40,5,38,1,693019,3,6,68,Home Improvement,Government,2
836,16424,51002,72,40,7,8,6,16522,4,13,59,Education,Unemployed,1
560,15965,54812,60,26,2,37,9,499665,5,0,53,Debt Consolidation,Self-Employed,1
694,13240,420842,36,33,5,27,9,392776,13,37,71,Home Improvement,Unemployed,1
525,2040,196051,72,32,6,28,1,861466,7,2,99,Education,Private Sector,0
423,7827,474273,96,27,11,34,0,829754,10,36,89,Education,Self-Employed,0
337,10259,262906,120,23,7,32,4,330782,7,30,66,Home Improvement,Unemployed,2
627,19371,113946,12,24,1,15,0,888766,6,12,95,Education,Self-Employed,0
550,16849,71668,36,24,7,17,0,664884,3,17,64,Education,Government,0
475,18232,104003,36,15,4,33,0,556134,5,16,91,Home Improvement,Unemployed,1
